fighter_name,classification
Tom Aaron,striker
Papy Abedi,submission specialist
Shamil Abdurakhimov,striker
Danny Abbadi,striker
Hiroyuki Abe,striker
Ricardo Abreu,striker
Daichi Abe,striker
David Abbott,striker
Klidson Abreu,striker
Daniel Acacio,striker
Scott Adams,striker
Juan Adams,striker
Anthony Adams,striker
Sam Adkins,striker
Israel Adesanya,striker
Zarrukh Adashev,striker
Marcelo Aguiar,striker
Nick Agallar,striker
Mariya Agapova,striker
Edwin Aguilar,striker
Fabio Aguiar,striker
Jessica Aguilar,striker
Kevin Aguilar,striker
Christian Aguilera,striker
Hitomi Akano,striker
Mike Aina,striker
Rostem Akman,striker
Omari Akhmedov,striker
Razak Al-Hassan,striker
Yoshihiro Akiyama,submission specialist
Herdem Alacabek,striker
Mostapha Al-Turk,striker
Javi Alanis,striker
Heili Alateng,striker
Brett Albee,striker
Amir Albazi,striker
Wes Albritton,striker
John Albert,submission specialist
Aleksandra Albu,striker
Junior Albini,striker
Israel Albuquerque,striker
Juan Alcain,striker
Ildemar Alcantara,grappler
Alfonso Alcarez,striker
Iuri Alcantara,striker
Gilbert Aldana,striker
Hector Aldana,striker
Irene Aldana,striker
JJ Aldrich,striker
Jose Aldo,striker
Kenneth Alexander,grappler
Jim Alers,striker
Houston Alexander,striker
John Alessio,submission specialist
Marcio Alexandre Junior,striker
Olaf Alfonso,striker
Pablo Alfonso,striker
Levi Alford,striker
Bill Algeo,striker
Royce Alger,striker
Amir Aliakbari,striker
Sultan Aliev,grappler
John Allan,submission specialist
Arnold Allen,striker
George Allen,striker
Ben Alloway,striker
Brendan Allen,submission specialist
Ricardo Almeida,submission specialist
Magno Almeida,submission specialist
Thomas Almeida,striker
Ericka Almeida,striker
Mauricio Alonso,striker
Estefani Almeida,striker
Sarah Alpar,grappler
Rico Altamirano,striker
Ali AlQaisi,submission specialist
Mike Altman,striker
Sean Alvarez,striker
Jaime Alvarez,striker
Joel Alvarez,submission specialist
Eddie Alvarez,striker
Anthony Alves,striker
Amilcar Alves,striker
Thiago Alves,striker
Rafael Alves,submission specialist
Warlley Alves,submission specialist
Andre Amado,striker
Maiara Amanajas dos Santos,striker
Adlan Amagov,grappler
Sam Alvey,striker
Jimmy Ambriz,grappler
Chris Amarante,striker
JJ Ambrose,striker
Alen Amedovski,striker
Makwan Amirkhani,submission specialist
Bertrand Amoussou,striker
Eryk Anders,striker
Andy Anderson,striker
Karl Amoussou,submission specialist
Matt Andersen,striker
Lowell Anderson,striker
Derek Anderson,striker
Corey Anderson,grappler
Megan Anderson,striker
Viscardi Andrade,striker
Alex Andrade,submission specialist
Jermaine Andre,striker
Jessica Andrade,striker
Reese Andy,striker
Dylan Andrews,grappler
Julius Anglickas,submission specialist
Collin Anglin,striker
Magomed Ankalaev,striker
Yoji Anjo,striker
Nina Ansaroff,striker
Angelo Antonio,striker
Adam Antolin,striker
Gadzhimurad Antigulov,submission specialist
Azunna Anyanwu,striker
Shinsho Anzai,striker
Josh Appelt,striker
Aori Qileng,striker
Kenji Arai,striker
Erik Apple,submission specialist
Romie Aram,grappler
Shinya Aoki,submission specialist
Igor Araujo,striker
Felipe Arantes,striker
Julio Arce,striker
Viviane Araujo,striker
Art Arciniega,submission specialist
Tristan Arenal,striker
Joey Armstrong,striker
Andrei Arlovski,striker
Akbarh Arreola,striker
Ricardo Arona,submission specialist
Chalid Arrab,submission specialist
Austin Arnett,striker
Matt Arroyo,submission specialist
Antonio Arroyo,striker
Gilles Arsene,striker
Veta Arteaga,striker
Teddy Ash,striker
Cesar Arzamendia,submission specialist
Askar Askar,striker
Arman Ashimov,striker
Askar Askarov,striker
Cyril Asker,grappler
Scott Askham,striker
Ben Askren,grappler
Ibo Aslan,striker
Tom Aspinall,submission specialist
Bruno Assis,submission specialist
Junior Assuncao,striker
Raphael Assuncao,striker
Bazigit Atajev,grappler
Rich Attonito,striker
Pat Audinwood,striker
Olivier Aubin-Mercier,striker
Jose Augusto,striker
Marcus Aurelio,submission specialist
David Avellan,striker
Levi Avera,striker
Blas Avena,submission specialist
Anthony Avila,striker
Julia Avila,striker
Chris Avila,striker
Saad Awad,striker
Abu Azaitar,striker
Javy Ayala,striker
Jessin Ayari,striker
Luiz Azeredo,striker
Ottman Azaitar,striker
Luciano Azevedo,grappler
Hunter Azure,submission specialist
Niklas Backstrom,submission specialist
Izabela Badurek,striker
Miguel Baeza,submission specialist
Ali Bagautinov,striker
Seth Baczynski,striker
Ryan Bader,grappler
Mehdi Baghdad,striker
Melsik Baghdasaryan,striker
Siyar Bahadurzada,striker
Ignacio Bahamondes,striker
Stephen Banaszak,submission specialist
Jordan Bailey,submission specialist
Bryan Baker,striker
Oluwale Bamgbose,striker
Shamar Bailey,striker
Scott Baker,striker
Marcin Bandel,striker
Humberto Bandenay,grappler
Tae Hyun Bang,striker
Maycee Barber,striker
Yohan Banks,striker
Junior Barata,striker
Antonio Banuelos,striker
Bryan Barberena,striker
Renan Barao,striker
Edson Barboza,striker
Nick Barnes,submission specialist
James Barnes,striker
Raoni Barcelos,striker
Luke Barnatt,striker
Chris Barnhizer,striker
David Baron,striker
Phil Baroni,striker
Josh Barnett,submission specialist
Carlos Barreto,striker
Jose Barreto,striker
Dan Barrera,grappler
Peter Barrett,striker
David Barrios,striker
Marc-Andre Barriault,striker
Alexandre Barros,grappler
Ricardo Barros,striker
Francimar Barroso,striker
Dean Barry,striker
Enrique Barzola,grappler
Stephen Bass,striker
Pat Barry,striker
Sean Bassett,striker
Ryan Bastianelli,striker
Shayna Baszler,submission specialist
Batgerel Danaa,striker
Michel Batista,grappler
Alan Baudot,striker
Mario Bautista,striker
Chris Beal,striker
Rudy Bears,striker
Salvador Becerra,striker
Ariel Beck,striker
Jeff Bedard,submission specialist
Eric Bedard,striker
Lyle Beerbohm,grappler
Chase Beebe,grappler
Johnny Bedford,striker
Mirsad Bektic,grappler
Diana Belbita,striker
Alan Belcher,striker
Danilo Belluardo,grappler
Vitor Belfort,striker
Joey Beltran,striker
Marco Beltran,striker
Mike Bencic,striker
Joseph Benavidez,striker
Karla Benitez,striker
Dave Beneteau,striker
Gabriel Benitez,submission specialist
DeAnna Bennett,submission specialist
Josh Bennett,striker
Charles Bennett,submission specialist
Lance Benoist,striker
Joe Benoit,striker
Pat Benson,striker
Ryan Benoit,striker
Len Bentley,striker
Kenneth Bergh,striker
Steve Berger,submission specialist
Bret Bergmark,submission specialist
Keith Berish,striker
Dennis Bermudez,submission specialist
Dave Berry,striker
Talita Bernardo,striker
Manny Bermudez,submission specialist
Keith Berry,striker
Dieusel Berto,striker
Edson Berto,submission specialist
Allen Berube,submission specialist
Anton Berzin,submission specialist
Khadzhi Bestaev,striker
Matt Bessette,striker
Scott Bessac,striker
Fernando Bettega,striker
Arjan Bhullar,striker
Bibulatov Magomed,striker
KB Bhullar,striker
David Bielkheden,grappler
Jeremiah Billington,striker
Scott Bills,striker
Anthony Birchak,striker
Chris Birchler,striker
Simon Biyong,striker
Amaury Bitetti,striker
Michael Bisping,striker
Jan Blachowicz,striker
Tom Blackledge,striker
Jason Black,submission specialist
Brad Blackburn,striker
Jason Blackford,striker
Maximo Blanco,striker
Sherrard Blackledge,grappler
David Blanco,striker
Curtis Blaydes,grappler
Arlene Blencowe,striker
Byron Bloodworth,striker
Dashawn Boatwright,striker
Dan Bobish,submission specialist
Kyle Bochniak,striker
Mark Bocek,submission specialist
James Bochnovic,striker
Jeremy Boczulak,striker
Galore Bofando,striker
Jay Bogan,striker
Tim Boetsch,striker
Roman Bogatov,striker
Derek Bohi,striker
Jerry Bohlander,striker
Kotetsu Boku,striker
Kyle Bolt,striker
Denys Bondar,striker
Luc Bondole,submission specialist
Tony Bonello,striker
Jesse Bongfeldt,striker
Marcos Bonilla,striker
Rogerio Bontorin,submission specialist
Stephan Bonnar,submission specialist
Ray Borg,submission specialist
Igor Borisov,striker
Tanner Boser,striker
Calen Born,striker
Steve Bosse,striker
Marcus Bossett,striker
Chris Bostick,striker
Poliana Botelho,striker
Francois Botha,striker
Rich Bouphanouvong,striker
Gregory Bouchelaghem,striker
Roy Boughton,striker
Mike Bourke,striker
Jess Bouscal,striker
Tai Bowden,striker
Melton Bowen,striker
Kyron Bowen,striker
Blake Bowman,striker
Brian Bowles,submission specialist
Roger Bowling,striker
Ashe Bowman,striker
Colley  Bradford,grappler
Kyle Bradley,striker
Paul Bradley,striker
Sean Brady,submission specialist
Ebenezer Fontes Braga,striker
Joe Brammer,striker
Ramiz Brahimaj,striker
David Branch,grappler
Michael Bravo,striker
Martin Bravo,striker
Diego Brandao,grappler
Tom Breese,submission specialist
Mike Breeden,striker
Chris Brennan,submission specialist
Charlie Brenneman,grappler
Robert Breslin,striker
Marcos Brigagao,striker
Mack Brewer,striker
Jason Brilz,submission specialist
Marcus Brimage,striker
Aaron Brink,striker
Marcelo Brito,striker
Henry Briones,striker
Drew Brokenshire,striker
Antwain Britt,grappler
Mike Bronzoulis,striker
Jonathan Brookins,striker
Will Brooks,striker
Jarred Brooks,grappler
Rob Broughton,submission specialist
Terrell Brown,striker
Dominic Brown,striker
Mike Brown,grappler
Chris Brown,striker
Todd Brown,striker
Matt Brown,submission specialist
Frederick Brown,striker
TJ Brown,grappler
Damien Brown,striker
Randy Brown,striker
Junie Browning,submission specialist
Humberto Brown Morrison,striker
Travis Browne,striker
Jules Bruchez,striker
Lee Brousseau,striker
Justin Bruckmann,striker
Cody Brundage,striker
Steve Bruno,grappler
Fernando Bruno,grappler
Derek Brunson,striker
Josh Bryant,striker
Justin Buchholz,striker
Dennis Bryant,striker
Zak Bucia,striker
Courtney Buck,striker
Julia Budd,grappler
Joaquin Buckley,striker
Mike Budnik,submission specialist
Francisco Bueno,striker
Mayra Bueno Silva,submission specialist
Paul Buentello,striker
Modestas Bukauskas,striker
Lee Kwan Bum,striker
Shawn Bunch,striker
Josh Bumgarner,striker
Wuliji Buren,grappler
Shane Burgos,striker
Joshua Burkman,striker
Mads Burnell,grappler
Mikey Burnett,striker
Josh Burns,striker
Kevin Burns,striker
Herbert Burns,submission specialist
Gilbert Burns,striker
Derrick Burnsed,striker
Nah-Shon Burrell,striker
Martin Buschkamp,striker
Bubba Bush,grappler
George Bush,grappler
Nick Bustamante,striker
Murilo Bustamante,submission specialist
Jason Butcher,grappler
Eduardo Bustillos,striker
Todd Butler,striker
Ian Butler,striker
Goldman Butler,striker
Cheyanne Buys,striker
Raphael Butler,submission specialist
JP Buys,submission specialist
Dennis Buzukja,submission specialist
Charles Byrd,submission specialist
Steve Byrnes,submission specialist
Michael Byrnes,striker
Alvin Cacdac,striker
Yan Cabral,submission specialist
Alex Caceres,striker
Vince Cachero,striker
Priscila Cachoeira,striker
Travis Calanoc,striker
Ricky Calatayud,striker
Darrion Caldwell,grappler
Joanne Calderwood,striker
Taylor Callens,striker
Joe Camacho,striker
Cynthia Calvillo,submission specialist
Frank Camacho,striker
Fabricio Camoes,submission specialist
Chris Camozzi,striker
Brian Camozzi,striker
Thomas Campbell,striker
Mike Campbell,grappler
Shane Campbell,striker
John Campetella,striker
Wagner Campos,grappler
Derek Campos,striker
Will Campuzano,striker
Chico Camus,striker
Asbel Cancio,striker
Aleksa Camur,striker
Carlos Candelario,striker
Ronaldo Candido,submission specialist
Guido Cannetti,striker
Luiz Cane,striker
Cody Canterbury,striker
Jose Canseco,striker
Jared Cannonier,striker
Bo Cantrell,striker
Phil Caracappa,submission specialist
Steve Cantwell,striker
Frank Caracci,striker
Gina Carano,submission specialist
Phil Cardella,submission specialist
Dos Caras Jr.,striker
Remo Cardarelli,striker
Bryan Caraway,grappler
Edgar Cardenas,striker
Chris Cariaso,striker
Ronald Carillo,striker
Rafael Carino,striker
Don Carlo-Clauss,striker
Antonio Carlos Junior,grappler
Spike Carlyle,grappler
Francis Carmont,striker
Liz Carmouche,striker
Ariane Carnelossi,striker
Roan Carneiro,submission specialist
Luana Carolina,submission specialist
Tim Caron,striker
Cody Carrillo,striker
Gabriel Carrasco,striker
Cain Carrizosa,striker
Roger Carroll,striker
Jonny Carson,striker
Scott Carson,striker
Shonie Carter,striker
Bruno Carvalho,submission specialist
Antonio Carvalho,striker
Rafael Carvalho,grappler
Shane Carwin,striker
Johnny Case,striker
Kevin Casey,striker
Cortney Casey,striker
Bendy Casimir,striker
Brandon Cash,grappler
Dwayne Cason,striker
Joe Cason,striker
John Castaneda,striker
Eric Castile,striker
Gil Castillo,grappler
Raul Castillo,striker
Jenna Castillo,striker
Tim Catalfo,striker
Danny Castillo,grappler
Nick Catone,grappler
Luke Caudillo,striker
Gesias Cavalcante,submission specialist
Rafael Cavalcante,striker
Adam Cella,submission specialist
Henry Cejudo,striker
Yosdenis Cedeno,striker
Magnus Cedenblad,submission specialist
Jared Chaffee,striker
Luan Chagas,striker
Donald Cerrone,submission specialist
Ansar Chalangov,submission specialist
Donnie Chappell,striker
Alex Chambers,submission specialist
Joe Charles,striker
Michael Chandler,submission specialist
Dan Charles,striker
Emilio Chavez,grappler
Ernest Chavez,striker
Danny Chavez,striker
Gabriel Checco,striker
Fabio Cherant,striker
Ion Cherdivara,striker
Albert Cheng,striker
Mark Cherico,grappler
Macy Chiasson,striker
Giga Chikadze,striker
Michael Chiesa,grappler
Khamzat Chimaev,submission specialist
Mu Bae Choi,submission specialist
Dooho Choi,striker
Hong Man Choi,striker
Sako Chivitchian,striker
SeungWoo Choi,striker
John Cholish,striker
Joachim Christensen,striker
Will Chope,striker
Anthony Christodoulou,striker
Ryo Chonan,striker
Dan Christison,submission specialist
Katlyn Chookagian,striker
Murad Chunkaiev,grappler
Mike Ciesnolevicz,submission specialist
Steven Ciaccio,striker
Nikolajus Cilkinas,striker
Cameron Church,submission specialist
Branko Cikatic,striker
Hannah Cifers,striker
Misha Cirkunov,submission specialist
Johnny Cisneros,striker
Dominic Clark,striker
Logan Clark,submission specialist
Mychal Clark,striker
Laverne Clark,striker
Devin Clark,striker
Jessica-Rose Clark,striker
Heather Clark,striker
John Clarke,striker
Rich Clementi,submission specialist
Chris Clements,striker
Mitch Clarke,striker
RJ Clifford,striker
Brian Cobb,grappler
Josh Clopton,grappler
Darryl Cobb,striker
Dave Cochran,striker
Dakota Cochrane,grappler
Marc Cofer,striker
Marloes Coenen,submission specialist
John Cofer,striker
Felipe Colares,submission specialist
Chris Coggins,striker
Wayne Cole,submission specialist
Devin Cole,striker
Ivan Cole,striker
Coltin Cole,striker
Cortez Coleman,striker
Mark Coleman,grappler
Clay Collard,striker
Jamie Colleen,submission specialist
Jake Collier,striker
Christian Colombo,striker
Wes Combs,striker
Carlos Condit,submission specialist
Montserrat Conejo,submission specialist
Chris Condo,striker
Tristan Connelly,submission specialist
Jeremiah Constant,submission specialist
Marcos Conrado Jr.,grappler
Jonathan Contrestano,striker
TJ Cook,striker
Mike Cook,submission specialist
Dewey Cooper,striker
Bob Cook,striker
Brett Cooper,striker
Chad Cook,striker
Bill Cooper,striker
Bobby Cooper,submission specialist
Michael Cora,striker
Amanda Cooper,submission specialist
Kit Cope,submission specialist
Josh Copeland,striker
Akira Corassani,striker
Chris Cope,striker
Muhsin Corbbrey,striker
Daniel Cormier,striker
Clint Coronel,striker
Wesley Correira,striker
Henry Corrales,striker
Bethe Correia,striker
Chad Corvin,striker
Louis Cosce,striker
Tracy Cortez,striker
Orion Cosce,striker
Guilherme Costa,striker
Jadson Costa,striker
Miguel Cosio,striker
Randy Costa,striker
Paulo Costa,striker
Oscar Cota,submission specialist
Patrick Cote,striker
JC Cottrell,striker
Rashad Coulter,striker
JR Coughran,striker
Dave Courchaine,striker
Kim Couture,striker
Ryan Couture,submission specialist
Nikk Covert,striker
Colby Covington,grappler
Jeff Cox,grappler
Nathan Coy,striker
Andrew Craig,striker
Paul Craig,submission specialist
Dan Cramer,striker
Alberto Crane,submission specialist
Alexander Crispim,striker
Paul Creighton,grappler
Tim Credeur,submission specialist
Alex Crispin,striker
Randy Couture,striker
Kevin Croom,submission specialist
Ken Cross,striker
Jeff Crotty,submission specialist
Richard Crunkilton,submission specialist
Marcio Cruz,submission specialist
Jimmy Crute,submission specialist
Dominick Cruz,striker
Aalon Cruz,striker
Jay Cucciniello,striker
Chris Culley,striker
Abel Cullum,submission specialist
Everett Cummings,submission specialist
Luke Cummo,submission specialist
Alton Cunningham,striker
Allen Crowder,submission specialist
Josh Culibao,striker
Patrick Cummins,grappler
Larry Cureton,striker
Kailin Curran,striker
Jeff Curran,submission specialist
Chris Curtis,striker
Pat Curran,striker
Daron Cruickshank,striker
Ion Cutelaba,striker
Marcos da Matta,striker
Gleidson Cutis,striker
Henrique da Silva,striker
Sarah D'alelio,striker
Alex Da Silva,grappler
Zak Cummings,striker
Henrique Da Silva Lopes,striker
Nicolas Dalby,striker
Paul Daley,striker
Dave Dalgliesh,striker
Richard Dalton,striker
Marko Damiani,striker
Aisling Daly,striker
Carina Damm,striker
Rodrigo Damm,striker
Cindy Dandois,grappler
Marques Daniels,striker
Jarjis Danho,striker
Alexandre Dantas,submission specialist
Raymond Daniels,submission specialist
Mac Danzig,striker
Eduardo Dantas,grappler
Karen Darabedyan,striker
Beneil Dariush,submission specialist
Sean Daugherty,striker
Kyle Daukaus,submission specialist
Chris Daukaus,striker
Brian Davidson,striker
Rick Davis,striker
Marcus Davis,submission specialist
LC Davis,grappler
Phil Davis,grappler
Mike Davis,striker
Lemont Davis,submission specialist
Justin Davis,striker
Alexis Davis,striker
Danny Davis,striker
Hakeem Dawodu,striker
Brandon Davis,striker
Grant Dawson,submission specialist
Jason Day,striker
Martin Day,striker
Angel De Anda,striker
Yorgan De Castro,striker
Geraldo de Freitas,striker
Philip De Fries,grappler
Chris de la Rocha,submission specialist
Montana De La Rosa,submission specialist
Mark De La Rosa,striker
Rodrigo de Lima,submission specialist
Mike de la Torre,striker
Edilberto de Oliveira,striker
Maria De Oliveira Neta,striker
Jorge de Oliveira,striker
Isabela de Padua,submission specialist
Germaine de Randamie,striker
Gloria de Paula,submission specialist
Tom DeBlass,striker
Crezio de Souza,striker
Issac DeJesus,striker
Johil de Oliveira,grappler
Rafael  Del Real,grappler
Humberto DeLeon,striker
Israel Delgado,striker
Rolando Delgado,submission specialist
Ante Delija,striker
Jon Delos Reyes,submission specialist
Roland Delorme,submission specialist
Jason DeLucia,striker
Vanessa Demopoulos,submission specialist
Nick Denis,striker
Justin DeMoney,striker
Chris Dempsey,grappler
Thomas Denny,submission specialist
Robert Densley,striker
Shane del Rosario,submission specialist
Jason Dent,submission specialist
Tony DeSouza,submission specialist
Booker DeRousse,striker
Mackenzie Dern,submission specialist
Cory Devela,striker
Alessio Di Chirico,striker
John Devine,striker
Micol Di Segni,striker
Cyrille Diabate,striker
Edwin DeWees,submission specialist
Tyler Diamond,striker
Thomas Diagne,striker
Eldo Xavier Dias,striker
Rafael Dias,submission specialist
Marc Diakiese,striker
Hacran Dias,grappler
Nick Diaz,submission specialist
Nate Diaz,submission specialist
Adrian Diaz,grappler
Mark Dickman,striker
Michael Diaz,striker
Josh Diekmann,striker
Kyle Dietz,striker
Ryan Diaz,striker
Seth Dikun,striker
TJ Dillashaw,submission specialist
Matt Dixon,grappler
Rodolfo Marques Diniz,submission specialist
Ralph Dillon,striker
Drew Dimanlig,striker
Rico DiSciullo,striker
Helio Dipp,striker
John Dixson,striker
Anthony Do,striker
Russell Doane,grappler
David Dodd,striker
Drew Dober,striker
Shana Dobson,striker
Joe Doerksen,submission specialist
Mike Dolce,striker
John Dodson,striker
Cameron Dollar,striker
OJ Dominguez,striker
John Donaldson,striker
CB Dollaway,submission specialist
Dennis Dombrow,striker
Cody Donovan,submission specialist
Houston Dorr,striker
Roman Dolidze,submission specialist
Geronimo dos Santos,striker
Anderson Dos Santos,striker
Antonio Dos Santos,striker
Oleksandr Doskalchuk,striker
Tiago dos Santos e Silva,striker
Junior Dos Santos,striker
Rafael Dos Anjos,striker
David Douglas,striker
Jordan Dowdy,striker
Damion Douglas,striker
Derek Downey,grappler
John Dowdy,striker
John Doyle,striker
Kyle Driscoll,striker
Edson Drago,striker
Danny Downes,striker
Chris Drumm,striker
Hugo Duarte,striker
Tomasz Drwal,grappler
Robert Drysdale,submission specialist
Dricus Du Plessis,striker
Joe Duarte,submission specialist
Antonio Duarte,striker
Norma Dumont,striker
Jessamyn Duke,submission specialist
Adin Duenas,striker
Joe Duffy,striker
Milana Dudieva,grappler
Todd Duffee,striker
Alexis Dufresne,grappler
Kelly Dullanty,striker
Alex Dunworth,striker
Cody Durden,grappler
Luiz Dutra,striker
Reuben Duran,striker
Rilley Dutro,striker
Tom Duquesnoy,striker
Evan Dunham,submission specialist
Bill Duvall,striker
David Dvorak,striker
Matt Dwyer,striker
Merab Dvalishvili,grappler
Ben Earwood,grappler
Rolando Dy,striker
Cody East,striker
Mike Easton,striker
Marvin Eastman,striker
Vincent Eazelle,striker
Maurice Eazel,striker
Brian Ebersole,striker
Ross Ebanez,grappler
Mark Eddiva,striker
Johnny Eduardo,striker
Abdul-Kerim Edilov,submission specialist
Frankie Edgar,striker
Adli Edwards,striker
Stephanie Egger,grappler
Tom Egan,striker
Joselyne Edwards,striker
Te Edwards,striker
Justin Edwards,submission specialist
Leon Edwards,striker
Yves Edwards,striker
John Elam,striker
Jon Olav Einemo,striker
John Paul Elias,striker
Per Eklund,submission specialist
Saul Elizondo,submission specialist
Justin Eilers,striker
Jake Ellenberger,striker
Darren Elkins,submission specialist
Joe Ellenberger,submission specialist
Eddy Ellis,submission specialist
Cameron Else,striker
Lisa Ellis,grappler
Anna Elmose,striker
Tim Elliott,submission specialist
Aaron Ely,submission specialist
Sovannahry Em,striker
Aleksander Emelianenko,striker
Rob Emerson,striker
Ramazan Emeev,striker
Josh Emmett,striker
Jamall Emmers,striker
Fedor Emelianenko,submission specialist
Kevin Engel,striker
Marius Enache,submission specialist
Oliver Enkamp,striker
Alex Enlund,striker
Ian Entwistle,submission specialist
Kenny Ento,submission specialist
Won Jin Eoh,striker
Andy Enz,striker
Josh Epps,striker
Tom Erikson,submission specialist
Konstantin Erokhin,striker
Julian Erosa,striker
Nick Ertl,grappler
Chel Erwin-Davis,submission specialist
Bobby Escalante,striker
Eric Esch,submission specialist
Pro Escobedo,striker
Cole Escovedo,striker
Evan Esguerra,striker
Efrain Escudero,striker
Carla Esparza,grappler
Juan Espino,submission specialist
Jodie Esquibel,striker
Jordan Espinosa,striker
Fred Ettish,striker
Terry Etim,submission specialist
Scott Ettling,grappler
Sijara Eubanks,striker
Billy Evangelista,striker
Rashad Evans,grappler
Doug Evans,grappler
Ashlee Evans-Smith,striker
Dan Evensen,submission specialist
Tonya Evinger,striker
Andre Ewell,striker
Movsar Evloev,striker
Neal Ewing,grappler
Edward Faaloloto,striker
Jessica Eye,striker
Wagnney Fabiano,grappler
Melinda Fabian,striker
Urijah Faber,striker
Ron Faircloth,striker
Jason Fairn,striker
Bartosz Fabinski,grappler
Rinat Fakhretdinov,striker
Zarah Fairn,striker
Maiquel Falcao,submission specialist
Brodie Farber,striker
Joao Paulo Faria,submission specialist
Chance Farrar,grappler
Rico Farrington,striker
Kalindra Faria,striker
Kelly Faszholz,striker
Rodney Faverus,grappler
Carlos Felipe,striker
Paul Felder,striker
Kevin Ferguson,submission specialist
JP Felty,striker
Josh Ferguson,striker
Rhadi Ferguson,striker
Tony Ferguson,submission specialist
CJ Fernandes,striker
Bibiano Fernandes,grappler
Alexandre Ferreira,striker
Cezar Ferreira,grappler
Diego Ferreira,striker
Timo Feucht,striker
Scott Ferrozzo,striker
Drew Fickett,submission specialist
Scott Fiedler,striker
Ron Fields,striker
Deiveson Figueiredo,submission specialist
Francisco Figueiredo,grappler
Edwin Figueroa,striker
Anthony Figueroa,striker
Paulo Filho,submission specialist
Andre Fili,striker
Brady Fink,submission specialist
Jan Finney,striker
Jesse Finney,striker
Mirko Filipovic,striker
Luigi Fioravanti,grappler
Manon Fiorot,striker
Luiz Firmino,grappler
Spencer Fisher,striker
Chris Fishgold,submission specialist
Bryanna Fissori,grappler
Isi Fitikefu,striker
Jimmy Flick,submission specialist
Alejandro Flores,striker
Colin Fletcher,striker
Ty Flores,striker
Rafael Fiziev,striker
Luke Flores,submission specialist
Jon Fitch,grappler
Cody Floyd,striker
Mal Foki,striker
Bobby Flynn,striker
Kenny Florian,submission specialist
Caros Fodor,striker
Matt Foki,striker
AJ Fonseca,striker
Rob Font,striker
Jesse Forbes,submission specialist
Claudionor Fontinelle,striker
Sterling Ford,striker
Codale Ford,striker
Marcel Fortuna,striker
Jussier Formiga,grappler
Renee Forte,grappler
Brian Foster,submission specialist
Francisco France,submission specialist
John Franchi,grappler
Brandon Foxworth,striker
Mason Fowler,striker
Hermes Franca,submission specialist
Glaico Franca Moreira,grappler
Xavier Foupa-Pokam,striker
Rich Franklin,striker
Zane Frazier,striker
Zoila Frausto,striker
Justin Frazier,striker
Gary Frazier,striker
Stephanie Frausto,striker
Ian Freeman,striker
Jason Freeman,striker
Willamy Freire,striker
Patricio Freire,striker
Patricky Freire,striker
Jeremy  Freitag,submission specialist
Rafael Freitas,grappler
Clay French,striker
Donavon Frelow,striker
Mike French,submission specialist
Matt Frevola,submission specialist
Jinh Yu Frey,striker
Artem Frolov,striker
Sarah Frota,striker
Don Frye,striker
Katsuhisa Fujii,submission specialist
Tony Fryklund,striker
Jesse Fujarczyk,striker
Keisuke Fujiwara,submission specialist
Megumi Fujii,submission specialist
Kazuyuki Fujita,grappler
Riki Fukuda,striker
Masio Fullen,striker
Sam Fulton,striker
Masakatsu Funaki,submission specialist
Travis Fulton,striker
Ricardo Funch,striker
Katsuaki Furuki,submission specialist
Gustavo Gabriel,striker
James Gabert,striker
Justin Gaethje,striker
Alavutdin Gadjiev,striker
Claudia Gadelha,striker
Sheila Gaff,striker
Muin Gafurov,striker
Mitch Gagnon,submission specialist
Brandon Gaines,striker
Travis Galbraith,submission specialist
Mickey Gall,submission specialist
Dave Galera,submission specialist
Daniel Gallemore,striker
Tom Gallicchio,striker
Turrell Galloway,striker
Zelg Galesic,submission specialist
Eric Galvan,striker
Lucas Gamaza,striker
Marcos Galvao,submission specialist
Andre Galvao,submission specialist
Joey Gambino,striker
Mateusz Gamrot,grappler
Shamil Gamzatov,striker
Manvel Gamburyan,grappler
Ariel Gandulla,striker
Eduardo Garagorri,striker
Sean Gannon,striker
Ciryl Gane,striker
Cody Garbrandt,striker
Leonard Garcia,striker
Alejandro Garcia,grappler
Edgar Garcia,striker
Nick Garcia,submission specialist
Alex Garcia,grappler
Steve Garcia,striker
Elias Garcia,submission specialist
Rafa Garcia,striker
Rulon Gardner,striker
David Gardner,striker
Pablo Garza,submission specialist
Brian Gassaway,striker
Azamat Gashimov,grappler
Willie Gates,striker
Kelvin Gastelum,striker
Louis Gaudinot,submission specialist
Melissa Gatto,striker
Charlene Gellner,submission specialist
Chad George,submission specialist
Paul Georgieff,striker
Brian Geraghty,striker
Derek Getzel,striker
Karine Gevorgyan,striker
Christos Giagos,grappler
Darrel Gholar,striker
Joe Giannetti,striker
Tiki Ghosn,striker
Nick Gibbons,striker
James Giboo,striker
Lance Gibson,striker
Lee Gibson,striker
Chase Gibson,striker
Cody Gibson,striker
Kenny Giddens,striker
Thomas Gifford,striker
Kultar Gill,grappler
Trevin Giles,striker
Joey Gilbert,striker
Gregor Gillespie,grappler
Jesse Gillespie,striker
Jason Gilliam,striker
Krishaun Gilmore,striker
Alex Gilpin,submission specialist
Bob Gilstrap,striker
Demetrius Gioulacos,striker
Billy Giovanella,submission specialist
He-Man Gipson,striker
Israel Giron,striker
Jason Glaza,submission specialist
Joseph Gigliotti,grappler
Brandon Girtz,grappler
Mike Glenn,striker
Rick Glenn,striker
Clint Godfrey,grappler
Mark Godbeer,striker
Jason Godsey,striker
Jonny Goh,striker
Hannah Goldy,striker
Allan Goes,submission specialist
Marcelo Golm,striker
Alan Gomez,striker
Sergio Gomez,grappler
Frank Gomez,striker
David Gomez,striker
Ulysses Gomez,striker
Edson Gomez,striker
Joey Gomez,striker
Luis Gomez,grappler
Silvana Gomez Juarez,striker
Akihiro Gono,striker
Takanori Gomi,striker
Gabriel Gonzaga,submission specialist
Nick Gonzalez,striker
Justin Gonzales,grappler
Fabian Gonzalez,striker
Fernando Gonzalez,submission specialist
Lewis Gonzalez,grappler
Jorge Gonzalez,striker
Jason Gonzalez,submission specialist
Kier Gooch,striker
Pearl Gonzalez,striker
Mikey Gonzalez,striker
Jared Gooden,striker
Lyman Good,striker
Jordan Goodwin,striker
Gary Goodridge,striker
Tebaris Gordon,striker
Gerard Gordeau,striker
Eddie Gordon,striker
Alex Gorgees,striker
Malcolm Gordon,striker
Jared Gordon,striker
Tim Gorman,striker
Thibault Gouti,striker
Jonathan Goulet,grappler
Chase Gormley,submission specialist
Todd Gouwenberg,grappler
Wilson Gouveia,submission specialist
Justin Governale,striker
Crosley Gracie,grappler
Daniel Gracie,submission specialist
Hugo Govea,striker
Renzo Gracie,striker
Damian Grabowski,striker
Ralph Gracie,submission specialist
Royce Gracie,striker
Rickson Gracie,striker
Ralek Gracie,submission specialist
Ryan Gracie,grappler
Royler Gracie,striker
Rodrigo Gracie,grappler
Cesar Gracie,striker
Rolles Gracie,striker
Roger Gracie,submission specialist
Igor Gracie,submission specialist
Kron Gracie,striker
Steven Graham,striker
Miranda Granger,striker
Scott Graham,striker
Neiman Gracie,submission specialist
Davey Grant,striker
TJ Grant,striker
Tony Gravely,grappler
Alexa Grasso,striker
Shelton Graves,grappler
Michael Graves,grappler
Kevin Gray,striker
Dwight Grant,striker
James Gray,striker
Sam Greco,submission specialist
Max Griffin,striker
Tyson Griffin,striker
Gabe Green,striker
Bobby Green,striker
Matt Grice,striker
Maurice Greene,striker
Desmond Green,striker
Forrest Griffin,striker
Rodrigo Gripp de Sousa,submission specialist
Chuck Grigsby,striker
Jordan Griffin,submission specialist
Chad Griggs,striker
Maxim Grishin,striker
Josh Grispi,submission specialist
Garrett Gross,striker
Kendall Grove,submission specialist
Neil Grove,submission specialist
Wang Guan,striker
Chris Gruetzemacher,striker
Vik Grujic,striker
Mike Grundy,grappler
Nandor Guelmino,striker
Fabricio Guerreiro,grappler
Brad Gumm,striker
Leonardo Guimaraes,submission specialist
Jason Guida,submission specialist
Shannon Gugerty,submission specialist
Clay Guida,grappler
Melvin Guillard,striker
Marcelo Guimaraes,striker
Chris Guillen,striker
Fabio Gurgel,striker
John Gunther,grappler
Jorge Gurgel,striker
John Gunderson,submission specialist
Andre Gusmao,striker
Alexander Gustafsson,striker
Justin Guthrie,submission specialist
Horacio Gutierrez,striker
Chris Gutierrez,striker
Tim Hague,striker
Steve Hadsel,striker
Keith Hackney,striker
Chelsea Hackett,striker
Mike Guymon,submission specialist
Damir Hadzovic,striker
Yazan Hajeh,striker
Kevin Haley,submission specialist
Stoney Hale,striker
Ryan Hall,striker
Tony Halme,striker
Mark Hall,striker
Dennis Hallman,submission specialist
Uriah Hall,striker
Piotr Hallmann,striker
Frank Hamaker,striker
Kazuhiro Hamanaka,striker
Brandon Halsey,submission specialist
Seo Hee Ham,striker
John Halverson,submission specialist
Jeremy Hamilton,striker
Anthony Hamilton,striker
Matt Hamill,striker
CJ Hamilton,striker
James Hammortree,submission specialist
Jared Hamman,striker
Joachim Hansen,submission specialist
Nasrat Haqparast,striker
Dean Hancock,submission specialist
Kay Hansen,submission specialist
Janay Harding,striker
Scott Harper,grappler
Baru Harn,striker
Antoni Hardonk,striker
Dan Hardy,striker
Greg Hardy,striker
Gerry Harris,striker
Phil Harris,striker
Dhafir Harris,striker
Collin Hart,striker
Carlston Harris,striker
Dale Hartt,submission specialist
Trevor Harris,submission specialist
Walt Harris,striker
Gerald Harris,grappler
Luke Hartwig,striker
Hidehiko Hasegawa,striker
Justin Haskins,grappler
Clay Harvison,submission specialist
Daiki Hata,striker
Chris Haseman,submission specialist
Tomohiko Hashimoto,striker
Takayo Hashi,striker
Hayder Hassan,striker
Del Hawkins,striker
John Hathaway,striker
Justin Hawes,striker
Chris Hawk,striker
Ryan Hayes,striker
Phil Hawes,grappler
Mike Hayes,submission specialist
Tommy Hayden,grappler
Gerric Hayes,striker
Josh Haynes,striker
Dustin Hazelett,submission specialist
James Head,striker
Pat Healy,submission specialist
Ryan Healy,submission specialist
Spencer Hearns,striker
David Heath,submission specialist
Marcin Held,submission specialist
Delson Heleno,striker
Chris Heatherly,grappler
Nick Hein,striker
Ian Heinisch,striker
Jake Hecht,striker
Elisha Helsper,striker
Josh Hendricks,striker
Ron Henderson,striker
Benson Henderson,striker
Johny Hendricks,grappler
Dan Henderson,striker
Matt Helm,striker
Diego Henrique da Silva,striker
Luis Henrique,submission specialist
Danny Henry,submission specialist
TJ Hepburn,grappler
Jai Herbert,striker
Ed Herman,submission specialist
Dave Herman,striker
Noe Hernandez,striker
Jack Hermansson,striker
Cory Hendricks,striker
Joe Hernandez,striker
Alexander Hernandez,striker
Anthony Hernandez,submission specialist
Nohelin Hernandez,striker
Paul Herrera,striker
Chris Herrera,striker
Alvaro Herrera Mendoza,submission specialist
Geane Herrera,striker
Ramiro Hernandez,striker
Felice Herrig,striker
Jon Hess,striker
Heath Herring,striker
Clint Hester,striker
Brandon Hester,grappler
Conor Heun,striker
Marcus Hicks,submission specialist
Jimy Hettes,submission specialist
Lee Higgins,striker
Jay Hieron,submission specialist
Jason High,submission specialist
Richie Hightower,striker
Isaiah Hill,submission specialist
Alex Higley,striker
Jamahal Hill,striker
Kailan Hill,grappler
Angela Hill,striker
Branden Lee Hinkle,submission specialist
Hatsu Hioki,grappler
Tyler Hill,striker
Kuniyoshi Hironaka,striker
Mizuto Hirota,striker
Alan Hiro,striker
Corey Hill,striker
Matt Hobar,grappler
Kwan Ho Kwak,striker
Yuji Hisamatsu,striker
Sam Hoger,submission specialist
Bobby Hoffman,submission specialist
Kevin Holland,striker
Andrew Holbrook,submission specialist
Sean Holden,submission specialist
Chris Holdsworth,submission specialist
Roger Hollett,striker
Jeremie Holloway,striker
Gabrielle Holloway,submission specialist
Max Holloway,striker
Holly Holm,striker
Rex Holman,striker
Kurt Holobaugh,striker
Paddy Holohan,submission specialist
Ben Holscher,striker
Mark Holst,submission specialist
Scott Holtzman,striker
Sabah Homasi,striker
Barb Honchak,submission specialist
Mark Hominick,striker
Chris Honeycutt,grappler
Satoshi Honma,striker
David Hood,striker
Lorenzo Hood,striker
Chase Hooper,submission specialist
Dan Hooker,striker
Moti Horenstein,striker
Yoshinori Horie,striker
Kyoji Horiguchi,striker
Matt Horning,striker
Chris Horodecki,striker
Jeremy Horn,submission specialist
Jamey-Lyn Horth,striker
Matt Horwich,submission specialist
John Hosman,striker
Saeed Hosseini,striker
Jeff Hougland,submission specialist
Trey Houston,striker
Jamie Houston,striker
Darrell Horcher,striker
Brian Houston,striker
John Howard,grappler
Carlos Huachin,striker
Harold Howard,striker
Shane Howell,striker
Brady Huang,striker
Alex Huddleston,striker
Collin Huckbody,submission specialist
Austin Hubbard,striker
Jeff Hughes,striker
Mark Hughes,submission specialist
Matt Hughes,submission specialist
Roger Huerta,striker
Casey Huffman,striker
Sam Hughes,striker
Bryan Humes,striker
Abongo Humphrey,submission specialist
Harry Hunsucker,striker
Adam Hunter,striker
Mark Hunt,striker
Alex Hunter,striker
Joe Hurley,striker
Khadis Ibragimov,striker
Al Iaquinta,striker
David Hulett,striker
Valeri Ignatov,striker
Minoki Ichihara,striker
Sergey Ignatov,striker
Dan Ige,striker
Fabiano Iha,submission specialist
Seichi Ikemoto,striker
Mikhail Iloukhine,submission specialist
Zelim Imadaev,striker
Yusuke Imamura,grappler
Masakazu Imanari,submission specialist
Nassourdine Imavov,submission specialist
Solomon Hutcherson,grappler
Brad Imes,submission specialist
Chris Inman,striker
Chris Indich,submission specialist
Guto Inocente,striker
Enson Inoue,striker
Egan Inoue,striker
Katsuya Inoue,striker
Takeshi Inoue,striker
Naoki Inoue,submission specialist
Inoue Mizuki,striker
Jorge Interiano,striker
Jason Ireland,submission specialist
Eric Irvin,grappler
James Irvin,striker
Mitsuhiro Ishida,grappler
Teruto Ishihara,striker
Yuki Ishikawa,striker
Eiji Ishikawa,striker
Satoshi Ishii,submission specialist
Damir Ismagulov,striker
Tokimitsu Ishizawa,grappler
Wallid Ismail,grappler
Leandro Issa,submission specialist
Tatsuya Iwasaki,striker
Tomomi Iwama,striker
Anthony Ivy,grappler
Blagoy Ivanov,striker
Yoislandy Izquierdo,striker
Hiroshi Izumi,grappler
Yves Jabouin,striker
Kevin Jackson,striker
Eugene Jackson,submission specialist
Jeremy Jackson,grappler
Kenyon Jackson,striker
Quinton Jackson,striker
Mike Jackson,striker
Jason Jackson,striker
Damon Jackson,submission specialist
Eric Jacob,striker
Montel Jackson,grappler
Dustin Jacoby,striker
Justin James,submission specialist
Nate James,striker
Ryan Janes,striker
Virna Jandiroba,submission specialist
Josh Janousek,striker
Jaime Jara,striker
Dave Jansen,striker
Gigo Jara,striker
Keith Jardine,striker
Josh Jarvis,striker
Brock Jardine,striker
Justin Jaynes,striker
Louis Jauregui,striker
Rony Jason,striker
Joanna Jedrzejczyk,striker
Aaron Jeffery,striker
Trent Jenkins,striker
Bubba Jenkins,grappler
Adrienna Jenkins,striker
Steve Jennum,striker
Ryan Jensen,submission specialist
Kyle Jensen,submission specialist
Maciej Jewtuszko,striker
Chan-Mi Jeon,striker
Ronald Jhun,grappler
Gilbert Jimenez,striker
Art Jimmerson,striker
Carls John De Tomas,striker
Sung Bin Jo,submission specialist
Phil Johns,striker
Brett Johns,submission specialist
Miles Johns,striker
Travis Johnson,striker
Devin Johnson,striker
Tony Johnson,striker
DaMarques Johnson,striker
Ricky Johnson,striker
Lavar Johnson,striker
Ryan Jimmo,striker
Kajan Johnson,striker
Deshaun Johnson,striker
Demetrious Johnson,striker
Michael Johnson,striker
Dashon Johnson,striker
Timothy Johnson,striker
Jordan Johnson,submission specialist
Taylor Johnson,grappler
Anthony Johnson,striker
Jose Johnson,striker
Chad Johnson,striker
Brian Johnston,striker
Daniel Jolly,grappler
Liana Jojua,submission specialist
Paul Jones,striker
Nathan Jones,striker
Marcus Jones,submission specialist
Tito Jones,striker
Carlton Jones,submission specialist
Jesse Jones,striker
Jon Jones,striker
Roy Jones,striker
Justin Jones,striker
Ben Jones,striker
Victor Jones,striker
Chris Jones,striker
Roshaun Jones,striker
Antonio Jones,striker
Jamelle Jones,striker
Trevin Jones,striker
Mason Jones,striker
Jocelyn Jones-Lybarger,striker
Joe Jordan,striker
Kevin Jordan,striker
Shawn Jordan,striker
Ivan Jorge,striker
Gareth Joseph,striker
Scott Jorgensen,striker
Dwight Joseph,submission specialist
Jeff Joslin,striker
Krzysztof Jotko,striker
Alan Jouban,striker
Charles Jourdain,striker
Mike Joy,submission specialist
Dustin Joynson,striker
Tony Juarez,grappler
Jesse Juarez,grappler
Steve Judson,striker
Bu-Kyung Jung,submission specialist
Luke Jumeau,striker
Young Sam Jung,submission specialist
Chan Sung Jung,striker
Da-Un Jung,striker
Scott Junk,striker
Myles Jury,striker
Cristiane Justino,striker
Oron Kahlon,striker
Patrick Kaase,striker
Emily Kagan,striker
Sirwan Kakai,grappler
Bryson Kamaka,striker
Geza Kalman,striker
Kai Kamaka,striker
Martin Kampmann,submission specialist
Masanori Kanehara,striker
Hiromitsu Kanehara,striker
Ken Kaneko,submission specialist
Kyung Ho Kang,submission specialist
Bharat Kandare,striker
Denis Kang,submission specialist
Manel Kape,striker
David Kaplan,grappler
Yusuke Kasuya,striker
Georgi Karakhanyan,submission specialist
Tetsuji Kato,grappler
Impa Kasanganay,striker
Kai Kara-France,striker
Alex Karalexis,grappler
Nadia Kassem,submission specialist
Brad Katona,striker
Hisaki Kato,striker
Calvin Kattar,striker
Canaan Kawaihae,striker
Sarah Kaufman,striker
Ryo Kawamura,striker
Yusuke Kawaguchi,striker
Tatsuya Kawajiri,submission specialist
Doug Kay,striker
Ryan Keenan,striker
Julie Kedzie,striker
CJ Keith,striker
Brian Kelleher,striker
Mayana Kellem,striker
Chris Kelades,striker
John Kelly,striker
Waylon Kennell,striker
Jeremy Kennedy,grappler
Tony Kelley,submission specialist
Daniel Kelly,striker
Paul Kelly,submission specialist
Steve Kennedy,grappler
Tim Kennedy,striker
Aurelijus Kerpe,striker
Ron Keslar,submission specialist
Casey Kenney,striker
Will Kerr,submission specialist
Sergey Khandozhko,striker
Rustam Khabilov,grappler
Adam Khaliev,striker
Mark Kerr,grappler
Sergei Kharitonov,submission specialist
Alfred Khashakyan,striker
Akira Kikuchi,striker
Sanae Kikuta,submission specialist
Aliaskhab Khizriev,submission specialist
Katsunori Kikuno,striker
Jacob Kilburn,striker
Pannie Kianzad,striker
Jin Oh Kim,striker
Dae Won Kim,grappler
Jong Man Kim,striker
Jong Won Kim,grappler
Jong Wang Kim,striker
Dong Hyun Kim,grappler
Min Soo Kim,striker
Ji Yeon Kim,striker
Jeremy Kimball,striker
Dustin Kimura,submission specialist
Mike King,submission specialist
Taiei Kin,striker
Rob Kimmons,submission specialist
Kamuela Kirk,striker
Kyle Kingsbury,striker
Yurij Kiseliov,striker
Justine Kish,striker
Ludovit Klein,striker
Koji Kitao,striker
Satoru Kitaoka,submission specialist
Seth Kleinbeck,striker
Michael Knaap,striker
Stefan Klever,striker
Drakkar Klose,striker
Kevin Knabjian,striker
Isao Kobayashi,grappler
Kelly Kobold,striker
William Knight,striker
Jason Knight,submission specialist
Sokun Koh,striker
Shingo Kohara,striker
Erik Koch,submission specialist
Brad Kohler,striker
John Kolosci,striker
Tsuyoshi Kohsaka,striker
Charlie Kohler,submission specialist
Syuri Kondo,striker
Yuki Kondo,striker
Andrei Kopylov,striker
Cheick Kongo,striker
Roman Kopylov,striker
Andrey Koreshkov,grappler
Matt Kovacs,striker
Ilya Kotau,submission specialist
Marcus Kowal,striker
Naoyuki Kotani,striker
Iouri Kotchkine,striker
Josh Koscheck,grappler
Karolina Kowalkiewicz,striker
Steve Kozola,striker
Derrick Krantz,grappler
Jorgen Kruth,striker
James Krause,striker
Rene Kronvold,submission specialist
Pascal Krauss,striker
Nikita Krylov,submission specialist
Mariusz Ksiazkiewicz,submission specialist
Junya Kudo,striker
Anton Kuivanen,striker
Aleksei Kunchenko,striker
John Kuhner,striker
Maiju Kujala,striker
Michael Kuiper,striker
Keigo Kunihara,submission specialist
Kiichi Kunimoto,striker
Leo Kuntz,grappler
Yana Kunitskaya,striker
Korey Kuppe,submission specialist
Tsuyoshi Kurihara,striker
Ramazan Kuramagomedov,striker
Eldari Kurtanidze,striker
Kyle Kurtz,submission specialist
Guram Kutateladze,striker
Kaleo Kwan,striker
Lina Kvokov,striker
Jarrod Kwitty,submission specialist
Mike Kyle,striker
Achmed Labasanov,grappler
Josh LaBerge,striker
Jeremiah Labiano,striker
Kemran Lachinov,striker
Ryan LaFlare,striker
Aspen Ladd,submission specialist
Noad Lahat,submission specialist
Ben Lagman,striker
Tim Lajcik,striker
Tina Lahdemaki,striker
Todd Lally,striker
Sean Lally,striker
Jason Lambert,submission specialist
Aaron Lanfranco,striker
Austen Lane,striker
Ricardo Lamas,striker
Jose Landi-Jons,submission specialist
Nate Landwehr,striker
Jeremy Lang,submission specialist
Lionel Lanham,striker
Anthony Lapsley,striker
Chad Laprise,striker
Taylor Lapilus,striker
Icho Larenas,striker
TJ Laramie,striker
Lina Lansberg,striker
Jeremy Larsen,striker
Ryan Larson,striker
Bobby Lashley,grappler
Sione Latu,striker
Brock Larson,submission specialist
Ilir Latifi,grappler
Jenel Lausa,striker
Joe Lauzon,submission specialist
Chatt Lavender,striker
Dan Lauzon,submission specialist
Muhammed Lawal,grappler
Tom Lawlor,submission specialist
Justin Lawrence,striker
Lance Lawrence,striker
Robbie Lawler,striker
Lorenz Larkin,striker
Ronnie Lawrence,grappler
Eric Lawson,submission specialist
Valmir Lazaro,striker
Mounir Lazzez,striker
Cung Le,striker
Thanh Le,striker
Jordan Leavitt,submission specialist
Jerome LeBanner,striker
Mickael Lebout,striker
Stephen Ledbetter,grappler
Chris Leben,striker
James Lee,submission specialist
Justin Ledet,striker
David Lee,striker
Eun Soo Lee,striker
Jackie Lee,striker
Tae Hyun Lee,grappler
Tommy Lee,grappler
Matt Lee,striker
Imani Lee,striker
Vaughan Lee,submission specialist
Rocky Lee,striker
Andrea Lee,striker
Kevin Lee,striker
Ricky Legere Jr.,grappler
Sherron Leggett,grappler
Cheyden Leialoha,grappler
Stefan Leko,striker
Thales Leites,submission specialist
Giacomo Lemos,striker
Christophe Leninger,striker
Jean Francois Lenogue,striker
Gabe Lemley,striker
Amanda Lemos,striker
Jesse Lennox,striker
Alberta Cerra Leon,striker
Nik Lentz,submission specialist
Anthony Leone,striker
Chad Leonhardt,striker
Victoria Leonardo,striker
Michael Lerma,striker
Kimo Leopoldo,submission specialist
Lukasz Les,striker
Frank Lester,striker
Brock Lesnar,grappler
Justin Levens,submission specialist
Valerie Letourneau,striker
Leah Letson,striker
Marcus LeVesseur,grappler
David Levicki,striker
Kyle Levinton,striker
Natan Levy,submission specialist
John Lewis,striker
Chi Lewis-Parry,striker
Derrick Lewis,striker
Bevon Lewis,striker
Li Jingliang,striker
Sam Liera,striker
Zach Light,grappler
Chuck Liddell,striker
Scott Lighty,striker
Chris Liguori,striker
Jae Suk Lim,grappler
Hyun Gyu Lim,striker
Juliana Lima,striker
Douglas Lima,striker
Dhiego Lima,striker
Mabelly Lima,striker
Jess Liaudin,submission specialist
Miguel Linares,striker
Jake Lindsey,striker
Matt Lindland,submission specialist
John Lineker,striker
Philipe Lins,striker
Lucio Linhares,submission specialist
Donnie Liles,submission specialist
Ariane Lipski,striker
Wesley Little,striker
Abner Lloveras,striker
Brian Lo-A-Njoe,striker
Dean Lister,submission specialist
John Lober,striker
Artem Lobov,striker
Dylan Lockard,submission specialist
Sean Loeffler,striker
Michael Lombardo,grappler
David Loiseau,striker
Christian Lohsen,submission specialist
Hector Lombard,striker
Austin Lingo,striker
Rocky Long,striker
Thomas Longacre,striker
Loma Lookboonmee,striker
Lucas Lopes,striker
Ivan Lopez,striker
Dileno Lopes,submission specialist
Federico Lopez,striker
Steve Lopez,striker
Jorge Lopez,grappler
Christopher Lopez,striker
Gustavo Lopez,striker
Matthew Lopez,submission specialist
Nate Loughran,submission specialist
Brendan Loughnane,striker
Benito Lopez,striker
Rashard Lovelace,striker
Ian Loveland,striker
Waylon Lowe,grappler
Jakob Lovstad,striker
Brandon Lowe,striker
Matt Lucas,striker
Robert Lucarelli,striker
Cleber Luciano,striker
Joe Lowry,striker
Duane Ludwig,striker
Alexandru Lungu,striker
Thaddeus Luster,striker
Dalcha Lungiambula,grappler
Mike Lullo,striker
Travis Lutter,grappler
Tucker Lutz,striker
Vicente Luque,striker
Lv Zhenhong,striker
Stevie Lynch,striker
Adam Lynn,striker
Chris Lytle,submission specialist
Dong Hyun Ma,striker
William Macario,striker
Jason MacDonald,submission specialist
Rob MacDonald,submission specialist
Rory MacDonald,striker
Ryan MacDonald,striker
Veronica Macedo,striker
Clayton MacFarlane,striker
War Machine,striker
Anthony Macias,striker
Lyoto Machida,striker
Ryan Madigan,striker
Pauline Macias,grappler
Don Madge,grappler
Ilima Macfarlane,submission specialist
Mark Madsen,grappler
Jon Madsen,striker
Yoshiro Maeda,grappler
Vinicius Magalhaes,striker
Vinny Magalhaes,striker
Bernardo Magalhaes,striker
Eric Magana,striker
Caio Magalhaes,submission specialist
Brandon Magana,striker
Reza Madadi,grappler
Angela Magana,striker
Neil Magny,striker
Rashid Magomedov,striker
Ruslan Magomedov,striker
Ibragim Magomedov,striker
John Maguire,submission specialist
Zabit Magomedsharipov,grappler
Lolohea Mahe,grappler
Leonardo Mafra,striker
Michelle Maher,striker
Bill Mahood,submission specialist
Levan Makashvili,grappler
Jennifer Maia,striker
Klayton Mai,submission specialist
John Makdessi,striker
Demian Maia,submission specialist
Aliev Makhmud,grappler
Islam Makhachev,submission specialist
Marvin Maldonado,striker
Zach Makovsky,grappler
Jeremy Malaterre,striker
Fabio Maldonado,striker
Nazareno Malegarie,striker
Carl Malenko,striker
Bea Malecki,submission specialist
Jacob Malkoun,striker
Nate Maness,striker
Michael Mangan,grappler
Mike Malott,striker
Troy Mandaloniz,striker
Jon Manley,striker
Melchor Manibusan,striker
Gary Mangat,striker
Melvin Manhoef,striker
Chris Manuel,striker
Steve Mann,striker
Cristiano Marcello,striker
Jimi Manuwa,striker
Jose Maria,submission specialist
Enrique Marin,submission specialist
Marcos Mariano,striker
Ronny Markes,grappler
Rory Markham,striker
Christina Marks,grappler
Randa Markos,striker
Nate Marquardt,striker
Danilo Marques,submission specialist
Carmelo Marrero,grappler
Julian Marquez,submission specialist
Cesar Marscucci,striker
CJ Marsh,striker
John Marsh,striker
Eliot Marshall,striker
David Marshall,striker
Jack Marshman,striker
Doug Marshall,submission specialist
Terry Martin,grappler
Eric Martin,striker
Dave Martin,striker
Justin Martin,striker
Joe Martin,striker
Michal Martinek,striker
Mallory Martin,striker
Rainy Martinez,striker
Anthony Rocco Martin,submission specialist
Danny Martinez,grappler
Henry Martinez,striker
Alonzo Martinez,striker
Jonathan Martinez,striker
Andrew Martinez,striker
Victor Martinez,striker
Roque Martinez,striker
Mana Martinez,submission specialist
Poppies Martinez,submission specialist
Wagner da Conceicao Martins,grappler
Adriano Martins,striker
Lucas Martins,striker
Jameel Massouh,striker
Mike Massenzio,submission specialist
Shoji Maruyama,striker
Max Martyniouk,striker
Bristol Marunde,grappler
Jorge Masvidal,striker
Tiffany Masters,striker
Tateki Matsuda,striker
Naoki Matsushita,striker
AJ Matthews,striker
Koichiro Matsumoto,striker
Daijiro Matsui,grappler
Jake Matthews,striker
Claudio Mattos,striker
Francesco Maturi,striker
John Matua,striker
Miranda Maverick,striker
Nick Maximov,striker
Vladimir Matyushenko,grappler
Elaina Maxwell,submission specialist
Jeremy May,striker
Al Matavao,striker
Jack May,striker
Don'Tale Mayes,striker
Brooke Mayo,submission specialist
Gina Mazany,grappler
Gray Maynard,grappler
Scott McAfee,striker
Sabina Mazo,striker
Michael McBride,submission specialist
Bobby McAndrews,submission specialist
Ian McCall,striker
Molly McCann,striker
Charles McCarthy,submission specialist
Sean McCorkle,submission specialist
Kris McCray,grappler
Tamdan McCrory,submission specialist
Justin McCully,striker
Michael McDonald,submission specialist
Rob McCullough,striker
Robert McDaniel,submission specialist
Scott McDonald,striker
Josh McDonald,grappler
Miles McDonald,submission specialist
Justin McElfresh,striker
Drew McFedries,striker
Liam McGeary,submission specialist
Gan McGee,striker
Court McGee,striker
Ryan McGillivray,striker
Ryan McGivern,striker
Conor McGregor,striker
Jack McGlaughlin,striker
Greg McIntyre,grappler
AJ McKee,submission specialist
Antonio McKee,grappler
Rhys McKee,striker
Tim McKenzie,submission specialist
Terrance McKinney,grappler
Cory McKenna,striker
Cody McKenzie,submission specialist
Jason McLean,striker
Brian McLaughlin,striker
Garreth McLellan,striker
Sara McMann,grappler
Charles McTorry,striker
Daniel McWilliams,submission specialist
James McSweeney,submission specialist
Tim Means,striker
Kaline Medeiros,submission specialist
Anistavio Medeiros,striker
Yancy Medeiros,striker
Uros Medic,striker
Jason Medina,striker
Todd Medina,striker
Emil Meek,submission specialist
Sanford Alton Meeks,grappler
Frank Megallon,striker
Bryce Mejia,striker
Gerald Meerschaert,submission specialist
Derrick Mehmen,striker
Jordan Mein,striker
Miika Mehmet,striker
Brian Melancon,striker
Brandon Melendez,striker
Fabio Mello,striker
Gilbert Melendez,striker
Vanessa Melo,striker
Marcelo Mello,striker
Antonio Mendes,grappler
Augusto Mendes,striker
Chad Mendes,grappler
Eddie Mendez,striker
Luis Mendoza,striker
Pietro Menga,striker
Alonzo Menifield,striker
Ivan Menjivar,submission specialist
Steve Mensing,striker
Dave Menne,submission specialist
Adam Meredith,submission specialist
Buck Meredith,striker
Joe Merritt,striker
Jonathan Meunier,striker
Jeremiah Metcalf,submission specialist
Brandon Michaels,striker
Yaotzin Meza,submission specialist
Guy Mezger,striker
David Michaud,striker
Andreas Michailidis,striker
Kristof Midoux,striker
Keith Mielke,striker
Zachary Micklewright,striker
Chris Mierzwiak,submission specialist
Bojan Mihajlovic,striker
Gabriel Miglioli,striker
Billy Miles,striker
Phillip Miller,grappler
Jason Miller,submission specialist
Dan Miller,submission specialist
Curtis Millender,striker
Pat Miletich,submission specialist
Cole Miller,submission specialist
Chris Mickle,striker
Jim Miller,submission specialist
Micah Miller,submission specialist
Aaron Miller,striker
Henry Miller,striker
Che Mills,striker
Eddy Millis,submission specialist
Adam Milstead,striker
Alberto Mina,striker
Stipe Miocic,striker
Vitaly Minakov,striker
Darrick Minner,submission specialist
Mike Minniger,striker
Carlton Minus,striker
Ikuhisa Minowa,submission specialist
Juan Miranda,striker
Mario Miranda,striker
Frank Mir,submission specialist
Damir Mirenic,striker
Vitor Miranda,striker
Toby Misech,striker
Kazuo Misaki,striker
Dokonjonosuke Mishima,submission specialist
Felix Lee Mitchell,striker
Danny Mitchell,submission specialist
Brad Mitchell,submission specialist
David Mitchell,submission specialist
Maurice Mitchell,striker
Clay Mitchell,submission specialist
Bryce Mitchell,submission specialist
Roman Mitichyan,submission specialist
Eiji Mitsuoka,submission specialist
Jonathan  Mix,striker
Matt Mitrione,striker
Motoki Miyazawa,striker
Hiromitsu Miura,grappler
Tomoya Miyashita,submission specialist
Kazuyuki Miyata,grappler
Takeya Mizugaki,striker
Tatsuya Mizuno,submission specialist
Bobby Moffett,submission specialist
Roxanne Modafferi,striker
Bronson Mohika,striker
Thiago Moises,submission specialist
Nate Mohr,striker
Renato Moicano,striker
Ashkan Mokhtarian,striker
Suman Mokhtarian,striker
Rudyard Moncayo,striker
Dan Molina,submission specialist
Jeff Molina,striker
Jeff Monson,grappler
Hidetaka Monma,striker
Darrell Montague,submission specialist
Andrew Montanez,striker
Nicco Montano,striker
Erick Montano,striker
Alberto Montes,striker
Augusto Montano,striker
James Moontasri,striker
Homer Moore,grappler
Steve Montgomery,striker
Todd Moore,striker
Nate Moore,striker
Dustin Moore,striker
Taylor Moore,striker
Sergio Moraes,striker
Ricardo Morais,striker
Marlon Moraes,striker
Sheymon Moraes,striker
John Moraga,submission specialist
Leonardo Morales,striker
Vince Morales,striker
Joseph Morales,submission specialist
Albert Morales,striker
Omar Morales,striker
Joe Moreira,striker
Christian Morecraft,submission specialist
Sarah Moras,striker
Richardson Moreira,striker
Gisele Moreira,striker
Jesse Moreng,grappler
Vinicius Moreira,submission specialist
Brandon Moreno,striker
Mike Moreno,striker
Dan Moret,striker
Sammy Morgan,grappler
Peggy Morgan,striker
Alex Morono,striker
Maryna Moroz,striker
Sergey Morozov,striker
Brad Morris,striker
Scott Morris,striker
Anthony Morrison,striker
Jack Morrison,striker
Harry Moskowitz,striker
Nikolas Motta,striker
Juan Mott,striker
Flavio Luiz Moura,striker
Kin Moy,submission specialist
Jamie Moyle,striker
Gegard Mousasi,submission specialist
Su Mudaerji,striker
Garrett Mueller,striker
Lauren Mueller,striker
Belal Muhammad,striker
Fazlo Mulabitinovic,submission specialist
James Mulheron,striker
Quinn Mulhern,striker
Jamie Mullarkey,grappler
Jim Mullen,striker
Pedro Munhoz,striker
Andre Muniz,submission specialist
Alexander Munoz,striker
Mark Munoz,grappler
Andy Murad,striker
Johnny Munoz,submission specialist
Kazunari Murakami,striker
Makhmud Muradov,striker
Kanako Murata,submission specialist
Ryuichi Murata,submission specialist
Vince Murdock,striker
Tom Murphy,submission specialist
Ian Murphy,grappler
Jon Murphy,striker
Lauren Murphy,striker
Patrick Murphy,submission specialist
Lerone Murphy,striker
Lee Murray,submission specialist
Azamat Murzakanov,striker
Khalid Murtazaliev,grappler
Nicholas Musoke,striker
Andre Mussi,striker
Max Mustaki,striker
Magomed Mustafaev,grappler
Fiona Muxlow,striker
Elvis Mutapcic,striker
Ho Bae Myeon,striker
Na Liang,striker
Katsuhiko Nagata,striker
Yuji Nagata,striker
Logan Nail,striker
Greg Nagy,submission specialist
Yukiya Naito,striker
Muhammad Naimov,striker
Andrews Nakahara,striker
Rin Nakai,grappler
Keita Nakamura,striker
Yusaku Nakamura,striker
Kazuhiro Nakamura,grappler
Daisuke Nakamura,submission specialist
Yoshihiro Nakao,grappler
Tyson Nam,striker
Jutaro Nakao,striker
Yui Chul Nam,striker
Roger Narvaez,striker
Yasuhito Namekawa,submission specialist
Rose Namajunas,striker
Nad Narimani,striker
Allan Nascimento,striker
Fabio Nascimento,striker
Bobby Nash,submission specialist
Rodrigo Nascimento,submission specialist
Reza Nasri,striker
Pawel Nastula,submission specialist
Rafael Natal,striker
Kevin Natividad,striker
Danny Navarro,striker
Ismail Naurdiev,striker
Marcio Navarro,striker
Tafon Nchukwi,striker
Josh Neal,striker
Joe Neal,striker
Dustin Neace,submission specialist
Geoff Neal,striker
Nicolae Negumereanu,striker
Stanislav Nedkov,striker
Steve Nelmark,striker
Josh Neer,submission specialist
Shane Nelson,submission specialist
Kyle Nelson,submission specialist
Gunnar Nelson,grappler
Roy Nelson,striker
Lissette Neri,striker
Julio Cesar Neves Jr.,striker
Mario Neto,grappler
Antonio Braga Neto,grappler
Nick Newell,striker
Journey Newson,striker
Jeff Newton,submission specialist
Emanuel Newton,grappler
Francis Ngannou,striker
Carlos Newton,grappler
Ben Nguyen,submission specialist
Alex Nicholson,striker
Mike Nickels,submission specialist
Steven Nguyen,striker
Matheus Nicolau,submission specialist
Jaimelene Nievera,grappler
Tom Niinimaki,grappler
Khomkrit Niimi,striker
Ramsey Nijem,submission specialist
Hans Nijman,striker
Jack Nilson,striker
Mats Nilsson,submission specialist
Guangyou Ning,striker
Soichi Nishida,striker
Yosuke Nishijima,striker
Akiyo Nishiura,striker
Chidi Njokuani,striker
Kyle Noblitt,striker
Anthony Njokuani,striker
Derrick Noble,striker
Jacob Noe,striker
Pedro Nobre,striker
Antonio Rodrigo Nogueira,submission specialist
Rogerio Nogueira,striker
Alexandre Franca Nogueira,striker
Talita Nogueira,striker
Kyle Noke,striker
KJ Noons,striker
Sage Northcutt,striker
Scott Norton,grappler
Jan Nortje,submission specialist
Jason Novelli,striker
Amanda Nunes,striker
Phillipe Nover,striker
Diego Nunes,striker
Josiane Nunes,striker
Istela Nunes,striker
Khabib Nurmagomedov,grappler
Nick Nolte,striker
Said Nurmagomedov,striker
Abubakar Nurmagomedov,grappler
Jonatas Novaes,striker
Umar Nurmagomedov,submission specialist
Kennedy Nzechukwu,striker
Jake O'Brien,grappler
TJ O'Brien,striker
Sean O'Connell,striker
Dan O'Connor,striker
Sean O'Haire,striker
Jeremiah O'Neal,striker
Sean O'Malley,submission specialist
Chuck O'Neil,striker
Casey O'Neill,submission specialist
Takahiro Oba,striker
Brendan O'Reilly,grappler
Nobuhiro Obiya,striker
Christian Ocon,striker
Richard Odoms,striker
Naoya Ogawa,submission specialist
Volkan Oezdemir,striker
Koji Oishi,striker
Michiyoshi Ohara,striker
Andy Ogle,striker
Takayuki Okada,striker
Yushin Okami,striker
JJ Okanovich,striker
Kazuki Okubo,submission specialist
Masakatsu Okuda,submission specialist
Michal Oleksiejczuk,striker
Aleksei Oleinik,submission specialist
Rafaello Oliveira,submission specialist
Charles Oliveira,submission specialist
Ednaldo Oliveira,striker
Jorge Oliveira,striker
Bruno Oliveira,striker
Wendell Oliveira Marques,striker
Alex Oliveira,striker
Andy Ologun,striker
Felipe Olivieri,striker
Dennis Olson,grappler
Shana Olsen,striker
Casey Olson,submission specialist
Cameron Olson,submission specialist
Daniel Omielanczuk,striker
Michihiro Omigawa,submission specialist
Alan Omer,striker
Chibwikem Onyenegecha,striker
Charlie Ontiveros,striker
Sam Oropeza,striker
Brian Ortega,submission specialist
Tito Ortiz,striker
Jorge Ortiz,striker
Ode Osbourne,submission specialist
Kurt Osiander,striker
Kenji Osawa,striker
Nick Osipczak,submission specialist
Dustin Ortiz,grappler
Nissen Osterneck,submission specialist
Rachael Ostovich,striker
Artur Oumakhanov,grappler
Zak Ottow,striker
Alexander Otsuka,grappler
Pedro Otavio,striker
Takafumi Otsuka,grappler
Sidney Outlaw,submission specialist
Valentijn Overeem,submission specialist
Alistair Overeem,striker
Craig Oxley,striker
Raquel Pa'aluhi,striker
Shungo Oyama,grappler
Alptekin Ozkilic,grappler
Larissa Pacheco,striker
Nick Pace,grappler
George Pacurariu,submission specialist
Teemu Packalen,submission specialist
Michael Page,striker
Cyrillo Padilha,striker
Gary Padilla,striker
Damacio Page,grappler
Josh Paiva,striker
Dustin Pague,submission specialist
Dinis Paiva Jr.,striker
Raulian Paiva,striker
Jose Palacios,submission specialist
Sasha Palatnikov,striker
Ricky Palacios,striker
Fredson Paixao,submission specialist
Soa Palelei,striker
Bart Palaszewski,striker
Rousimar Palhares,submission specialist
Tulio Palhares,striker
Stephen Palling,striker
Joe Pardo,striker
Eduardo Pamplona,striker
Jared Papazian,striker
Alexandre Pantoja,striker
Bryan Pardoe,grappler
Remco Pardoel,striker
Ido Pariente,striker
Won Sik Park,striker
Josh Parisian,striker
Harvey Park,striker
Junyong Park,striker
Karo Parisyan,submission specialist
Norman Parke,striker
Ryan Parker,striker
Larry Parker,striker
Tyra Parker,striker
Jordan Parsons,submission specialist
Willie Parks,striker
Onassis Parungao,striker
Jhonoven Pati,striker
Jorge Patino,striker
Russell Patrick,striker
Claude Patrick,submission specialist
Alan Patrick,grappler
Justin Patterson,striker
Michael Patt,striker
Julio Paulino,striker
Sergei Pavlovich,striker
Pawel Pawlak,striker
Sarah Payant,striker
Estevan Payan,striker
Roland Payne,striker
Jonathan Pearce,striker
Andre Pederneiras,striker
Carlo Pedersoli Jr.,striker
Joe Pearson,submission specialist
Ross Pearson,striker
Matt Pedro,striker
Tyson Pedro,submission specialist
Filip Pejic,striker
Willie Peeters,striker
Yan Pellerin,grappler
Julianna Pena,striker
Kurt Pellegrino,grappler
Luis Pena,submission specialist
Sherman Pendergarst,grappler
Drew Pendleton,striker
Cathal Pendred,striker
BJ Penn,striker
Nick Penner,striker
Jessica Penne,striker
Jerron Peoples,striker
Raquel Pennington,striker
Justin Pennington,striker
Godofredo Pepey,submission specialist
Ray Perales,striker
Michel Pereira,striker
Robert Peralta,striker
Viviane Pereira,striker
Alex Pereira,striker
Daniel Pereira,striker
Rolando Perez,striker
Philip Perez,submission specialist
Erik Perez,striker
Frankie Perez,grappler
Alejandro Perez,striker
Markus Perez,submission specialist
Jose Perez,striker
Alex Perez,submission specialist
Thiago Perpetuo,striker
Anthony Perosh,submission specialist
Hernani Perpetuo,striker
Jay Perrin,grappler
Tony Petarra,striker
Leiticia Pestova,striker
Raphael Pessoa,striker
Viktor Pesta,grappler
Tommy Petersen,striker
Mike Perry,striker
Cory Peterson,striker
Peter Petties,striker
Steven Peterson,striker
Seth Petruzelli,submission specialist
Anthony Pettis,submission specialist
Forrest Petz,striker
Dino Pezao,striker
Cody Pfister,grappler
Sergio Pettis,striker
Wayne Phillips,striker
Dave Phillips,submission specialist
Nam Phan,striker
Aaron Phillips,striker
Constantinos Philippou,striker
John Phillips,striker
Elizabeth Phillips,striker
Kyler Phillips,striker
Vinc Pichel,grappler
Nick Pica,striker
Jamie Pickett,striker
Adam Piccolotti,submission specialist
Nick Piedmont,striker
Oskar Piechota,submission specialist
Mike Pierce,grappler
Brad Pickett,striker
Joao Pierini,striker
Sean Pierson,striker
Domingo Pilarte,submission specialist
Daniel Pineda,submission specialist
Luana Pinheiro,striker
Jesus Pinedo,striker
Gaetano Pirrello,striker
Pingyuan Liu,submission specialist
Maki Pitolo,striker
Dmitry Poberezhets,striker
Jamal Pogues,grappler
Ross Pointon,striker
John Polakowski,striker
Brandon Polcare,striker
Igor Pokrajac,striker
Dustin Poirier,submission specialist
Mike Polchlopek,striker
Santiago Ponzinibbio,striker
Grigory Popov,striker
Felipe Portela,striker
Alexander Poppeck,striker
Parker Porter,submission specialist
Callan Potter,grappler
Devin Powell,striker
Ruan Potts,submission specialist
Marcin Prachnio,striker
Ricardo Prasel,striker
Wagner Prado,striker
Trevor Prangley,submission specialist
Carlo Prater,submission specialist
Michel Prazeres,grappler
Kyle Prepolec,striker
Dorian Price,striker
Philip Preece,striker
Chris Price,submission specialist
Niko Price,striker
Shane Primm,grappler
Brent Primus,submission specialist
Lara Procopio,striker
Jiri Prochazka,striker
Joe Proctor,submission specialist
Cole Province,submission specialist
Daniel Puder,submission specialist
Lucie Pudilova,striker
Bubba Pugh,grappler
Claudio Puelles,submission specialist
Juan Manuel Puig,striker
Hugh Pulley,striker
Josh Pulsifer,striker
Jens Pulver,striker
CM Punk,striker
Joe Pyfer,grappler
Bao Quach,striker
Mike Pyle,submission specialist
Gary Quan,striker
Billy Quarantillo,submission specialist
Nate Quarry,striker
Vinicius Queiroz,grappler
Ryan Quinn,submission specialist
Jimmy Quinlan,grappler
Michel Quinones,striker
Landon Quinones,striker
Jose Quinonez,striker
Benji Radach,striker
Josh Rafferty,submission specialist
Jordan Radev,striker
Gilbert Rael,grappler
Amir Rahnavardi,striker
Ricky Rainey,striker
Shavkat Rakhmonov,submission specialist
Aleksandar Rakic,striker
Jessica Rakoczy,striker
Hector Ramirez,grappler
Thomas Ramirez,striker
Matt Ramirez,striker
Steve Ramirez,striker
Andrew Ramm,striker
Amador Ramirez,striker
Ian Rammel,striker
Luis Ramos,striker
Davi Ramos,striker
Ricardo Ramos,striker
Hussain Rasouli,striker
Vernon Ramos Ho,striker
Raou Raou,striker
Kevin Randleman,grappler
David Rasouri,striker
Ed Ratcliff,striker
Gideon Ray,striker
Bec Rawlings,striker
Stevie Ray,striker
Joe Ray,striker
Iony Razafiarison,grappler
Keenan Raymond,striker
Antony Rea,striker
Abdul Razak Alhassan,striker
Rafael Rebello,grappler
Greg Rebello,striker
Paul Redmond,striker
John Reedy,striker
Dennis Reed,striker
Karl Reed,striker
James Reese,striker
Stephen Regman,grappler
Johnny Rees,striker
Chad Reiner,submission specialist
Ben Reiter,grappler
Goran Reljic,submission specialist
Jason Reinhardt,grappler
Wilson Reis,grappler
Chance Rencountre,grappler
Leigh Remedios,striker
John Renken,striker
Marion Reneau,striker
Herman Renting,striker
Alex Reyes,striker
Dominick Reyes,striker
Marco Polo Reyes,striker
Kyle Reyes,striker
Johnny Rhodes,striker
Gaston Reyno,submission specialist
Victor Reyna,striker
Mike Rhodes,striker
Lucrezia Ria,striker
Vitor Ribeiro,submission specialist
Amanda Ribas,submission specialist
Will Ribeiro,submission specialist
Mike Ricci,striker
Alex Ricci,striker
Matt Ricehouse,striker
John Richard,striker
Mike Richman,striker
Rex Richards,striker
Dave Rickels,striker
Brad Riddell,striker
Jeremiah Riggs,striker
Matthew Riddle,grappler
Jason Riley,striker
Joe Riggs,grappler
Aaron Riley,striker
Moise Rimbon,grappler
Jordan Rinaldi,submission specialist
Nick Ring,striker
Albert Rios,striker
Mike Rio,submission specialist
Shannon Ritch,striker
Rafael Rios,striker
Maria Rios,striker
Diego Rivas,grappler
Jorge Rivera,striker
Dante Rivera,striker
Mario Rivera,striker
Jonathan Rivera,striker
Francisco Rivera,striker
Irwin Rivera,striker
Jimmie Rivera,striker
Jerome Rivera,striker
Nicdali Rivera-Calanoc,striker
Pedro Rizzo,striker
Kali Robbins,striker
Justin Robbins,striker
Karl Roberson,striker
David Roberts,striker
Andre Roberts,striker
Joey Roberts,striker
Tyrone Roberts,striker
Ryan Roberts,striker
Taylor Roberts,striker
Buddy Roberts,striker
Danny Roberts,striker
Daniel Roberts,submission specialist
Roosevelt Roberts,submission specialist
Kenny Robertson,striker
Chad Robichaux,striker
Gillian Robertson,grappler
Mark Robinson,striker
Colin Robinson,submission specialist
Alvin Robinson,submission specialist
Damonte Robinson,striker
Vagner Rocha,submission specialist
Carlos Eduardo Rocha,submission specialist
Keith Rockel,submission specialist
Luke Rockhold,submission specialist
Bruno Rodrigues,striker
Kevin Roddy,striker
Gregory Rodrigues,striker
Paul Rodriguez,striker
Manuel Rodriguez,grappler
Ricco Rodriguez,submission specialist
Yair Rodriguez,striker
Marina Rodriguez,striker
Daniel Rodriguez,striker
Mike Rodriguez,striker
Ray Rodriguez,grappler
Luis Rodriguez,submission specialist
Drako Rodriguez,submission specialist
Victor Rodriguez,striker
Nick Roehrick,striker
Brett Rogers,striker
Max Rohskopf,submission specialist
Brian Rogers,striker
Marcos Rogerio de Lima,striker
Pete Rogers Jr.,striker
Marcelo Rojo,striker
Shane Roller,submission specialist
Tim Roman,grappler
Jared Rollins,submission specialist
Alexandr Romanov,submission specialist
Ricardo Romero,submission specialist
Yoel Romero,striker
Anthony Romero,striker
Mara Romero Borella,striker
Rong Zhu,striker
Jesse Ronson,striker
Joao Roque,striker
George Roop,striker
Aaron Rosa,striker
Charles Rosa,submission specialist
Karol Rosa,striker
Hilarie Rose,striker
Jacob Rosales,submission specialist
Jake Rosholt,submission specialist
Jared Rosholt,striker
Zach Rosol,striker
Nick Rossborough,striker
Kevin Rosier,striker
Kristian Rothaermel,striker
Rick Roufus,striker
Ben Rothwell,striker
Khalil Rountree Jr.,striker
Ronda Rousey,submission specialist
Ray Routh,grappler
Roberta Rovel,striker
Philip Rowe,striker
Kain Royer,submission specialist
Brad Royster,striker
Brandon Royval,submission specialist
Jairzinho Rozenstruik,striker
Marco Ruas,striker
Rodrigo Ruas,striker
Murilo Rua,submission specialist
Rodolfo Rubio Perez,grappler
Mauricio Rua,striker
Gabe Ruediger,grappler
Eddie Ruiz,grappler
Anthony Ruiz,striker
Casey Ryan,striker
Mike Russow,grappler
Bas Rutten,striker
Pete Sabala,striker
Yusup Saadulaev,submission specialist
Danny Sabatello,submission specialist
Patrick Sabatini,striker
Amir Sadollah,striker
Saparbeg Safarov,striker
Frankie Saenz,striker
Jason Saggo,striker
Tarec Saffiedine,striker
Lukasz Sajewski,striker
Ovince Saint Preux,striker
Paul Ruiz,submission specialist
Yukio Sakaguchi,submission specialist
Wataru Sakata,striker
Augusto Sakai,striker
Gokhan Saki,striker
Alessio Sakara,striker
Ryuta Sakurai,submission specialist
Kazushi Sakuraba,submission specialist
Justin Salas,striker
Hayato Sakurai,striker
Luis Saldana,striker
Ivan Salaverry,submission specialist
John Salgado,striker
Roman Salazar,striker
Brandon Saling,striker
Muslim Salikhov,striker
Sean Salmon,grappler
Gabriel Salinas-Jones,striker
Boston Salmon,striker
Johnny Sampaio,submission specialist
John Salter,grappler
Josh Samman,striker
Josh San Diego,striker
Josh Sampo,submission specialist
Eddie Sanchez,striker
Julian Sanchez,striker
Bobby Sanchez,striker
Donald Sanchez,striker
Diego Sanchez,striker
Joby Sanchez,striker
Emmanuel Sanchez,striker
Jesse Sanders,striker
Erick Sanchez,striker
Andrew Sanchez,striker
Robert Sanchez,grappler
Jerrod Sanders,submission specialist
Cory Sandhagen,striker
Luke Sanders,striker
Hugo Sandoval,striker
Joseph Sandoval,striker
Hector Sandoval,submission specialist
Raul Sandoval,striker
Chris Sanford,submission specialist
Jonathan Santa Maria,striker
Roldan Sangcha'an,striker
Yuhi Sano,striker
Duda Santana,grappler
Sean Santella,striker
Will Santiago,striker
Mike Santiago,submission specialist
Shaheen Santana,submission specialist
Jorge Santiago,striker
Richie Santiago,striker
Jose Santibanez,striker
Art Santore,striker
Adriano Santos,striker
Luis Santos,striker
Iliarde Santos,striker
Paulo Santos,striker
Thiago Santos,striker
Evangelista Santos,striker
Leonardo Santos,striker
Bruno Santos,grappler
Andre Santos,striker
Gleristone Santos,striker
Taila Santos,submission specialist
Marilia Santos,submission specialist
Nick Sanzo,striker
Bob Sapp,striker
Diego Saraiva,striker
Daniel Sarafian,striker
Harris Sarmiento,grappler
Alexander Sarnavskiy,striker
Yuki Sasaki,striker
Kyosuke Sasaki,striker
Yuta Sasaki,submission specialist
Paul Sass,submission specialist
Masaaki Satake,striker
Takenori Sato,striker
Takashi Sato,striker
Tom Sauer,striker
Jeimeson Saudino,submission specialist
Townsend Saunders,striker
Ben Saunders,submission specialist
Chris Saunders,grappler
Chad W. Saunders,striker
Lumumba Sayers,submission specialist
Matt Sayles,striker
Brandon Sayles,striker
Mark Scanlon,submission specialist
Eric Schafer,submission specialist
Brendan Schaub,striker
Kerry Schall,striker
Eric Schambari,submission specialist
Matheus Scheffel,striker
Antonio Schembri,grappler
Fabiano Scherner,striker
Joe Schilling,striker
Samy Schiavo,striker
Semmy Schilt,submission specialist
Adam Schindler,striker
Daniel Schmitt,striker
Colleen Schneider,grappler
Matt Schnell,submission specialist
Darrill Schoonover,submission specialist
Alex Schoenauer,submission specialist
Bob Schrijber,striker
Nate Schroeder,striker
Lacey Schuckman,striker
Mark Schultz,striker
Brian Schwartz,submission specialist
Eric Schwartz,striker
Justin Scoggins,striker
Pat Schilling,striker
Brad Scott,striker
Mike Seal,striker
Greg Scott,grappler
Kenneth Seegrist,submission specialist
Rony Sefo,striker
Matt Secor,submission specialist
Neil Seery,submission specialist
Ray Sefo,striker
Brendan Seguin,grappler
Stefan Sekulic,striker
Pete Sell,striker
Andrei Semenov,grappler
Brandon Sene,striker
Matthew Semelsberger,submission specialist
Kim In Seok,striker
Mackens Semerzier,submission specialist
Ray Seraille,striker
Alex Serdyukov,submission specialist
Ivan Serati,striker
Nicholas Sergiacomi,striker
Adrian Serrano,striker
Nick Serra,submission specialist
Fredy Serrano,grappler
Carl Seumanutafa,striker
Matt Serra,grappler
Scott Shaffer,submission specialist
Dan Severn,striker
Rosi Sexton,striker
Leon Shahbazyan,striker
Edmen Shahbazyan,grappler
Liliya Shakirova,striker
Kamal Shalorus,striker
Ken Shamrock,submission specialist
Frank Shamrock,submission specialist
Eric Shelton,grappler
Jason Sharp,striker
Chase Sherman,striker
Sean Sherk,grappler
Antonina Shevchenko,striker
Henrique Shiguemoto,striker
Valentina Shevchenko,striker
Shunichi Shimizu,striker
Jake Shields,submission specialist
Wade Shipp,striker
Raja Shippen,striker
Yuya Shirai,striker
Wes Shivers,striker
Alexander Shlemenko,striker
Josh Shockley,striker
Josh Shockman,striker
Jack Shore,submission specialist
Akira Shoji,grappler
Landon Showalter,striker
Katsuyori Shibata,striker
Brandon Shuey,submission specialist
Ivan Shtyrkov,striker
Kiril Sidelnikov,striker
Sam Sicilia,striker
Steven Siler,submission specialist
Siala Siliga,grappler
Assuerio Silva,submission specialist
Xavier Siller,grappler
Thiago Silva,striker
Jean Silva,striker
Paulo Cesar Silva,grappler
Edson Silva,striker
Anderson Silva,striker
Wanderlei Silva,striker
Sidney Silva,grappler
Jay Silva,submission specialist
Fabio Silva,striker
Leandro Silva,striker
Claudio Silva,submission specialist
Wagner Silva,striker
Antonio Silva,striker
Erick Silva,submission specialist
Rafael Silva,submission specialist
Joaquim Silva,striker
Felipe Silva,striker
Dayana Silva,striker
Jacob Silva,striker
Gabriel Silva,grappler
Bruno Silva,striker
Natalia Silva,striker
Douglas Silva de Andrade,striker
Leonardo Silva de Oliveira,grappler
Marcus Silveira,striker
Jamey Simmons,striker
Elias Silverio,striker
Aaron Simpson,grappler
Ricky Simon,grappler
Wes Sims,submission specialist
Marlon Sims,striker
Tony Sims,striker
Lodune Sincaid,striker
Everett Sims,submission specialist
Rob Sinclair,striker
Elvis Sinosic,submission specialist
Mitchell Sipe,striker
Rory Singer,striker
AJ Siscoe,striker
Yokthai Sithoar,striker
Jeri Sitzes,striker
Dennis Siver,striker
Chas Skelly,submission specialist
Matt Skelton,striker
Zach Skinner,submission specialist
Joe Slick,striker
Patrick Smith,striker
Kestutis Smirnovas,submission specialist
Maurice Smith,submission specialist
Scott Smith,striker
Eric Smith,striker
Josh Smith,submission specialist
Adam Smith,striker
Dillon Smith,striker
David Smith,striker
Brian Sleeman,grappler
Trevor Smith,striker
Anthony Smith,striker
Colton Smith,submission specialist
Ray Sloan,striker
Gilbert Smith,submission specialist
Devonte Smith,striker
Leslie Smith,striker
Cole Smith,submission specialist
Justin Smitley,striker
Walter Smith-Cotito,striker
Nate Smith,submission specialist
Dmitrii Smoliakov,striker
Louis Smolka,submission specialist
Richie Smullen,grappler
Devin Smyth,grappler
Denis Sobolev,striker
Renato Sobral,submission specialist
Peter Sobotta,striker
Rameau Thierry Sokoudjou,striker
Joe Solecki,submission specialist
Chris Solomon,striker
Paul Song,striker
Joe Son,striker
Chael Sonnen,grappler
Song Kenan,striker
Song Yadong,striker
Cody Sons,striker
Jin Soo Son,striker
Emiliano Sordi,submission specialist
Punahele Soriano,striker
Sean Soriano,striker
Dmitry Sosnovskiy,submission specialist
Ben Sosoli,striker
Greg Soto,submission specialist
George Sotiropoulos,submission specialist
Alex Soto,striker
Krzysztof Soszynski,submission specialist
Mario Soto,striker
Joe Soto,submission specialist
Bobby Southworth,submission specialist
Andre Soukhamthath,striker
Edimilson Souza,striker
Chris Spang,striker
Mario Souza,submission specialist
Livinha Souza,submission specialist
Jacare Souza,submission specialist
Charon Spain,striker
Andreas Spang,striker
Ryan Spann,submission specialist
Tommy Speer,striker
Patrick Speight,striker
Ron Sparks,striker
Sean Spencer,striker
Felicia Spencer,striker
Sam Spengler,submission specialist
Nick Sperling,striker
Mario Sperry,submission specialist
Waachiim Spiritwolf,striker
Daniel Spitz,striker
Eric Spicely,submission specialist
Serghei Spivac,grappler
Daniel Spohn,submission specialist
Pete Spratt,striker
Austin Springer,striker
Georges St-Pierre,submission specialist
Andreas Stahl,striker
Ron Stallings,striker
Bobby Stack,grappler
Cristina Stanciu,submission specialist
Cody Stamann,striker
Brian Stann,striker
Josh Stansbury,submission specialist
Dion Staring,striker
Lucas Stark,grappler
Kalib Starnes,striker
Clifford Starks,striker
Damian Stasiak,grappler
Adam Steele,striker
Laureano Staropoli,striker
Ricky Steele,striker
Dominique Steele,grappler
Ray Steinbeiss,striker
Eric Steenberg,striker
Steve Steinbeiss,striker
Dmitri Stepanov,striker
Marc Stevens,striker
Aljamain Sterling,striker
Jeremy Stephens,striker
Joe Stevenson,submission specialist
Maia Stevenson,grappler
Luke Stewart,submission specialist
Darren Stewart,striker
Alex Stiebling,striker
Kyle Stewart,striker
Tyler Stinson,striker
Dan Stittgen,striker
Lazar Stojadinovic,striker
Denis Stojnic,submission specialist
Julija Stoliarenko,striker
Dustin Stoltzfus,striker
Niklas Stolze,striker
Ken Stone,striker
Ryan Stonitsch,striker
George Stork,striker
Darko Stosic,grappler
Rick Story,striker
Greg Stott,striker
Curtis Stout,striker
Tim Stout,striker
Sam Stout,striker
Jesse Strader,striker
Gennaro Strangis,striker
Gerald Strebendt,submission specialist
Dave Strasser,striker
Daniel Straus,submission specialist
Sean Strickland,striker
Hans Stringer,striker
Mark Striegl,striker
Josh Stuart,striker
Stefan Struve,submission specialist
Mike Stumpf,striker
Kyle Sturgeon,striker
Masanori Suda,striker
Tatiana Suarez,grappler
Genki Sudo,submission specialist
Daisuke Sugie,submission specialist
Takashi Sugiura,striker
Justin Sumter,grappler
Magomed Sultanakhmedov,submission specialist
George Sullivan,striker
Amar Suloev,striker
Aji Susilo,striker
Martin Svensson,striker
Daniel Swain,submission specialist
Naho Sugiyuma,striker
Jason Suttie,striker
Joel Sutton,striker
Cub Swanson,striker
Chad Sutton,striker
Kevin Syler,submission specialist
Floyd Sword,striker
Bentley Syler,striker
Tony Sylvester,striker
Mike Swick,striker
Leo Sylvest,striker
Tim Sylvia,striker
Osamu Tachihikari,striker
Justin Tafa,striker
Eugenio Tadeu,striker
Amber Tackett,striker
Joe Taimanglo,submission specialist
Khalid Taha,striker
Mairbek Taisumov,striker
Nobuhiko Takada,grappler
Yoshiki Takahashi,submission specialist
Yoko Takahashi,striker
Yoshihiro Takayama,striker
Daiju Takase,submission specialist
Makoto Takimoto,submission specialist
Hiroyuki Takaya,striker
Nordine Taleb,striker
Oleg Taktarov,striker
Tsuyoshi Tamakairiki,striker
Akitoshi Tamura,submission specialist
Akihito Tanaka,grappler
Jason Tan,striker
Michinori Tanaka,grappler
Eli Tamez,striker
Kiyoshi Tamura,striker
Issei Tamura,striker
Evan Tanner,submission specialist
Deividas Taurosevicius,striker
Jeremy Tavares,striker
Gary Tapusoa,striker
Manny Tapia,striker
Miesha Tate,submission specialist
Thiago Tavares,submission specialist
Paul Taylor,striker
Brad Tavares,striker
Anthony Taylor,striker
Jesse Taylor,submission specialist
Louis Taylor,grappler
Torrance Taylor,striker
Danielle Taylor,striker
Shawn Teed,striker
J.T Taylor,submission specialist
James Te Huna,striker
John Teixeira,striker
Tra Telligman,striker
Ewerton Teixeira,striker
Taneisha Tennant,striker
Glover Teixeira,submission specialist
Herman Terrado,striker
Dave Terrel,grappler
David Terrell,submission specialist
Jeff Terry,striker
Daniel Teymur,striker
David Teymur,striker
James Terry,grappler
Motonobu Tezuka,grappler
Jason Thacker,striker
Brandon Thatch,striker
Elias Theodorou,striker
Nik Theotikos,submission specialist
Din Thomas,submission specialist
Ryan Thomas,submission specialist
Joel Thomas ,striker
Noah Thomas,submission specialist
Paulo Thiago,submission specialist
Treston Thomison,striker
Nick Thompson,submission specialist
Josh Thomson,submission specialist
James Thompson,submission specialist
Oli Thompson,striker
Josh Thornburg,submission specialist
Stephen Thompson,striker
Simeon Thoresen,submission specialist
Gleison Tibau,grappler
Chris Tickle,submission specialist
Nolan Ticman,striker
Ryan Tobar,striker
Brett Tillis,striker
Andrew Todhunter,striker
Darren Till,striker
Dusko Todorovic,striker
Hideo Tokoro,submission specialist
Anatoly Tokov,striker
Tyler Toner,striker
Kazuki Tokudome,striker
Masanori Tonooka,striker
James Toney,striker
Ilia Topuria,submission specialist
Carl Toomey,striker
Anthony Torres,submission specialist
Ronys Torres,grappler
Miguel Torres,submission specialist
Haven Torres,striker
Abram Torres,striker
Jose Torres,striker
Alex Torres,striker
Tecia Torres,striker
Desmond Torres,striker
Salim Touahri,striker
Roberto Traven,striker
Minoru Toyonaga,striker
Alexander Trevino,striker
Dequan Townsend,striker
Bryan Travers,striker
Francisco Trevino,striker
Angelo Trevino,striker
Damien Trites,striker
Frank Trigg,striker
Michael Trizano,striker
Tor Troeng,striker
Antonio Trocoli,submission specialist
Aaron Trujillo,striker
Francisco Trinaldo,striker
Reynaldo Trujillo,striker
Jon Tuck,submission specialist
Arman Tsarukyan,grappler
Chris Tuchscherer,striker
Abel Trujillo,striker
Gavin Tucker,submission specialist
Tom Tuggle,grappler
Jumabieke Tuerxun,striker
Blair Tugman,grappler
Tai Tuivasa,striker
Teila Tuli,striker
Zubaira Tukhugov,striker
Albert Tumenov,striker
Ricky Turcios,striker
Wellington Turman,striker
Jalin Turner,submission specialist
Courtney Turner,striker
Alberto Uda,grappler
Marcin Tybura,striker
Austin Tweedy,striker
Ryuki Ueyama,submission specialist
Christian Uflacker,striker
Andy Uhrich,striker
Carlos Ulberg,striker
Tagir Ulanbekov,grappler
Zach Underwood,striker
Gasan Umalatov,striker
Jeremy Umphries,striker
Caol Uno,grappler
Kengo Ura,submission specialist
Hector Urbina,submission specialist
Elias Urbina,striker
Nick Urso,striker
Yasuhiro Urushitani,striker
Kamaru Usman,striker
Darren Uyenoyama,grappler
Charlie Valencia,striker
Richie Vaculik,submission specialist
Victor Valenzuela,striker
Egidijus Valavicius,striker
Timur Valiev,striker
Victor Valimaki,striker
Andrew Valladerez,striker
Isaac Vallie-Flagg,striker
Matt Van Buren,striker
Mike van Arsdale,striker
Brianna Van Buren,striker
Ron van Clief,striker
Lloyd Van Dams,striker
Chad Vance,striker
Jared Vanderaa,striker
Austin Vanderford,submission specialist
Lando Vannata,striker
Paul Varelans,striker
Paige VanZant,submission specialist
Kazula Vargas,striker
Jamie Varner,grappler
Linton Vassell,striker
Guilherme Vasconcelos,striker
Yuri Vaulin,striker
Billy Vaughan,striker
Javier Vazquez,submission specialist
Manny Vazquez,submission specialist
Matt Veach,submission specialist
Joe Vedepo,striker
Kelly Velasco,striker
David Velasquez,striker
Luigi Vendramini,submission specialist
Bojan Velickovic,striker
Cain Velasquez,striker
Karlos Vemola,submission specialist
Jerrel Venetiaan,striker
Scott Ventimiglia,striker
Kerry Vera,striker
Brandon Vera,striker
Joe Veres,striker
Ernie Verdicia,striker
Marlon Vera,submission specialist
Renato Verissimo,submission specialist
Bryan Vetell,striker
Marvin Vettori,striker
Hugo Viana,striker
Guilherme Viana,striker
Vitor Vianna,striker
Polyana Viana,submission specialist
James Vick,striker
Ketlen Vieira,striker
Milton Vieira,grappler
Reginaldo Vieira,striker
Steve Vigneault,striker
Rodolfo Vieira,submission specialist
DeMarco Villalona,striker
Alejandro Villalobos,striker
Ruben Villareal,striker
Gian Villante,striker
Ike Villanueva,striker
Armando Villarreal,striker
Pablo Villaseca,striker
Joey Villasenor,submission specialist
Yuri Villefort,striker
Danillo Villefort,submission specialist
Marcos Vinicius,striker
Brandon Visher,striker
Falaniko Vitale,striker
Bobby Voelker,striker
Alexander Volkanovski,striker
Jacob Volkmann,submission specialist
Alexander Volkov,striker
Jason Von Flue,submission specialist
Milco Voorn,striker
Mark Vorgeas,striker
James Wade,striker
Neil Wain,striker
Igor Vovchanchyn,striker
Chris Wade,submission specialist
TJ Waldburger,submission specialist
Chase Waldon,grappler
Andre Walker,striker
Herschel Walker,striker
Donny Walker,submission specialist
Rodney Wallace,submission specialist
Ben Wall,striker
Crafton Wallace,striker
Johnny Walker,submission specialist
Jeremy Wallace,striker
James Wallace,striker
Randall Wallace,grappler
Jim Wallhead,striker
Cory Walmsley,striker
Richard Walsh,striker
Erick Wanderlei,submission specialist
Patrick Walsh,submission specialist
Dimitiri Wanderley,grappler
Andy Wang,striker
Sai Wang,striker
Anying Wang,striker
Curt Warburton,grappler
Brennan Ward,submission specialist
Charlie Ward,striker
Terrion Ware,striker
Joe Warren,grappler
Brian Warren,striker
Merritt Warren,striker
Idris Wasi,striker
Kengo Watanabe,grappler
Andy Waters,striker
Ron Waterman,submission specialist
Dominic Waters,grappler
Sam Watford,submission specialist
Michelle Waterson,striker
Blake Watkins,striker
Kyle Watson,striker
Maka Watson,grappler
Walel Watson,submission specialist
Tom Watson,striker
Enrique Watson,striker
Brok Weaver,striker
Stephanie Webber,grappler
Jonavin Webb,submission specialist
Kazuhisa Watanabe,striker
Royston Wee,grappler
Daniel Weichel,striker
Chris Weidman,grappler
Mark Weir,submission specialist
Christian Wellisch,submission specialist
Jeremiah Wells,striker
Mike Wessel,grappler
Dustin West,striker
Fabricio Werdum,submission specialist
Sheldon Westcott,grappler
Aaron Wetherspoon,striker
Coty Wheeler,submission specialist
Vernon White,striker
Steve White,striker
Alex White,striker
Mike Whitehead,grappler
Robert Whiteford,striker
Craig White,striker
Garett Whiteley,striker
Mitch Whitesel,striker
Emily Whitmire,striker
Robert Whittaker,striker
Adam Wieczorek,striker
Jonathan Wiezorek,grappler
Orlando Wiet,striker
Justin Wilcox,striker
Aaron Wilkinson,grappler
Joe Wilk,striker
Mike Wilkinson,striker
Rob Wilkinson,grappler
James Wilks,submission specialist
Tedd Williams,striker
Pete Williams,grappler
Carter Williams,grappler
Patrick Williams,striker
Tim Williams,striker
Jordan Williams,striker
Cole Williams,striker
Khaos Williams,striker
Karl Willis,striker
Justin Willis,striker
Chris Wilson,submission specialist
Greg Wilson,striker
Jonathan Wilson,striker
Sean Wilson,striker
Matt Wiman,submission specialist
Eddie Wineland,striker
Rubin Williams,striker
Deron Winn,grappler
Andre Winner,striker
Jason Witt,submission specialist
Eric Wisely,striker
Keith Wisniewski,striker
Travis Wiuff,submission specialist
Ray Wizard,striker
Brandon Wolff,striker
Xue Do Won,striker
Nathaniel Wood,striker
Salvador Woods,striker
Tyron Woodley,striker
Sean Woodson,striker
Cal Worsham,striker
Hunter Worsham,striker
Khama Worthy,striker
Eric Wray,submission specialist
JW Wright,striker
Justin Wren,striker
Chris Wright,striker
Danyelle Wolf,submission specialist
Jordan Wright,striker
Marcin Wrzosek,striker
Jamie Yager,striker
Wu Yanan,striker
Rubens Xavier,submission specialist
Eddie Yagin,submission specialist
Rani Yahya,submission specialist
Alexander Yakovlev,striker
Kenichi Yamamoto,striker
Keiichiro Yamamiya,striker
Atsushi Yamamoto,striker
Yoshihisa Yamamoto,striker
Norifumi Yamamoto,striker
Hiroko Yamanaka,striker
Goiti Yamauchi,submission specialist
Yan Xiaonan,striker
Takeshi Yamazaki,submission specialist
Petr Yan,striker
Jianping Yang,striker
Dongi Yang,striker
Adam Yandiev,striker
Hu Yaozong,striker
Emmanuel Yarborough,striker
Masutatsu Yano,striker
Cale Yarbrough,striker
Tadao Yasuda,striker
Yoshiaki Yatsu,striker
Chris Yee,striker
Hirotaka Yokoi,grappler
Kazunori Yokota,striker
Ashley Yoder,striker
John Yoo,striker
Sanghoon Yoo,submission specialist
Dong Sik Yoon,submission specialist
Yoshiyuki Yoshida,submission specialist
Adrian Yanez,striker
Kaitlin Young,striker
Artenus Young,striker
Trenell Young,submission specialist
Hidehiko Yoshida,submission specialist
Shane Young,striker
Shanna Young,striker
Jason Young,striker
Besam Yousef,striker
Han Ten Yun,striker
Rob Yundt,grappler
Sodiq Yusuff,striker
Gilbert Yvel,submission specialist
Joao Zaiden,striker
Luke Zachrich,striker
Aiemann Zahabi,striker
Anton Zafir,grappler
Elizeu Zaleski dos Santos,striker
Youssef Zalal,submission specialist
Roger Zapata,submission specialist
Zach Zane,striker
David Zawada,submission specialist
Marius Zaromskis,striker
Craig Zellner,striker
Roman Zentsov,submission specialist
Zhang Lipeng,grappler
Yao Zhikui,striker
Zhang Weili,striker
Zhalgas Zhumagulov,striker
Fares Ziam,striker
Mike Zichelle,submission specialist
James Zikic,striker
Errol Zimmerman,striker
Cat Zingano,grappler
Joao Zeferino,submission specialist
Igor Zinoviev,striker
Dave Zitanick,striker
Carlos Zevallos,striker
Zhang Tiequan,submission specialist
Alex Zuniga,striker
George Zuniga,striker
Allan Zuniga,submission specialist
Virgil Zwicker,striker
